pageid,title,fullurl
75400,Third Aurelian Crusade,https://warhammer40k.fandom.com/wiki/Third_Aurelian_Crusade
76266,Third Sphere Expansion,https://warhammer40k.fandom.com/wiki/Third_Sphere_Expansion
76425,Third Siege of Mezoa,https://warhammer40k.fandom.com/wiki/Third_Siege_of_Mezoa
76659,Titansword,https://warhammer40k.fandom.com/wiki/Titansword
76936,The Wrath,https://warhammer40k.fandom.com/wiki/The_Wrath
77092,Tigrus,https://warhammer40k.fandom.com/wiki/Tigrus
77449,Titan-Guard,https://warhammer40k.fandom.com/wiki/Titan-Guard
78157,The Watcher (Audio Drama),https://warhammer40k.fandom.com/wiki/The_Watcher_(Audio_Drama)
78160,Threxos Hellbreed,https://warhammer40k.fandom.com/wiki/Threxos_Hellbreed
78228,Thermal Cannon,https://warhammer40k.fandom.com/wiki/Thermal_Cannon
78232,Thunderstrike Gauntlet,https://warhammer40k.fandom.com/wiki/Thunderstrike_Gauntlet
78531,Throneworld (Novel),https://warhammer40k.fandom.com/wiki/Throneworld_(Novel)
78999,Throneworld,https://warhammer40k.fandom.com/wiki/Throneworld
79070,Trajann Valoris,https://warhammer40k.fandom.com/wiki/Trajann_Valoris
79075,Thunder Legion,https://warhammer40k.fandom.com/wiki/Thunder_Legion
79076,Thunder Regiments,https://warhammer40k.fandom.com/wiki/Thunder_Regiments
79397,Thralls of Magnus,https://warhammer40k.fandom.com/wiki/Thralls_of_Magnus
79713,Tollguard,https://warhammer40k.fandom.com/wiki/Tollguard
79898,Traitor General (Novel),https://warhammer40k.fandom.com/wiki/Traitor_General_(Novel)
79904,The Warmaster (Novel),https://warhammer40k.fandom.com/wiki/The_Warmaster_(Novel)
79931,Titanicus (Novel),https://warhammer40k.fandom.com/wiki/Titanicus_(Novel)
80182,Thermal Spear,https://warhammer40k.fandom.com/wiki/Thermal_Spear
80680,Thundercoil Harpoon,https://warhammer40k.fandom.com/wiki/Thundercoil_Harpoon
80869,Thunderhawk Cannon,https://warhammer40k.fandom.com/wiki/Thunderhawk_Cannon
81228,Torrent Reaper Launcher,https://warhammer40k.fandom.com/wiki/Torrent_Reaper_Launcher
81379,Thunderwolf,https://warhammer40k.fandom.com/wiki/Thunderwolf
81380,Thunderwolves,https://warhammer40k.fandom.com/wiki/Thunderwolves
81473,Throne Agent,https://warhammer40k.fandom.com/wiki/Throne_Agent
81682,Titandeath (Novel),https://warhammer40k.fandom.com/wiki/Titandeath_(Novel)
82454,Toxin Injector,https://warhammer40k.fandom.com/wiki/Toxin_Injector
82944,Thunderstrike,https://warhammer40k.fandom.com/wiki/Thunderstrike
83372,Toxiferran weapons,https://warhammer40k.fandom.com/wiki/Toxiferran_weapons
83422,Traitor,https://warhammer40k.fandom.com/wiki/Traitor
83748,Thexians,https://warhammer40k.fandom.com/wiki/Thexians
83764,Thexian,https://warhammer40k.fandom.com/wiki/Thexian
83791,Thraxians,https://warhammer40k.fandom.com/wiki/Thraxians
84023,Tome of Fire,https://warhammer40k.fandom.com/wiki/Tome_of_Fire
84207,Tor Garadon,https://warhammer40k.fandom.com/wiki/Tor_Garadon
84410,Torchbearers,https://warhammer40k.fandom.com/wiki/Torchbearers
84411,Torchbearer,https://warhammer40k.fandom.com/wiki/Torchbearer
84505,Thrall Wizard,https://warhammer40k.fandom.com/wiki/Thrall_Wizard
84618,Tiber Achilus,https://warhammer40k.fandom.com/wiki/Tiber_Achilus
84893,Time of Ending,https://warhammer40k.fandom.com/wiki/Time_of_Ending
84907,The Waning,https://warhammer40k.fandom.com/wiki/The_Waning
84937,Time of Rebirth,https://warhammer40k.fandom.com/wiki/Time_of_Rebirth
85016,Thunder's Word,https://warhammer40k.fandom.com/wiki/Thunder%27s_Word
85159,Titandeath,https://warhammer40k.fandom.com/wiki/Titandeath
85230,Themiskon Point,https://warhammer40k.fandom.com/wiki/Themiskon_Point
85374,Thulekh,https://warhammer40k.fandom.com/wiki/Thulekh
85920,Theratryx,https://warhammer40k.fandom.com/wiki/Theratryx
86393,Tower of Nurgle,https://warhammer40k.fandom.com/wiki/Tower_of_Nurgle
86880,Toil,https://warhammer40k.fandom.com/wiki/Toil
86962,Thomas Macabee,https://warhammer40k.fandom.com/wiki/Thomas_Macabee
87283,Tome Keepers,https://warhammer40k.fandom.com/wiki/Tome_Keepers
87377,The Warriors of the Reborn,https://warhammer40k.fandom.com/wiki/The_Warriors_of_the_Reborn
87455,Tithe,https://warhammer40k.fandom.com/wiki/Tithe
87769,Thule,https://warhammer40k.fandom.com/wiki/Thule
87864,Traitoris Militarum,https://warhammer40k.fandom.com/wiki/Traitoris_Militarum
88174,Titan Order,https://warhammer40k.fandom.com/wiki/Titan_Order
88758,Traitors,https://warhammer40k.fandom.com/wiki/Traitors
88814,Traitor Titan,https://warhammer40k.fandom.com/wiki/Traitor_Titan
88874,Tony Ballantyne,https://warhammer40k.fandom.com/wiki/Tony_Ballantyne
88956,Torchbearer Fleet,https://warhammer40k.fandom.com/wiki/Torchbearer_Fleet
89007,Thomas Parrott,https://warhammer40k.fandom.com/wiki/Thomas_Parrott
89074,To Speak as One (Short Story),https://warhammer40k.fandom.com/wiki/To_Speak_as_One_(Short_Story)
89389,Third Rangdan Xenocide,https://warhammer40k.fandom.com/wiki/Third_Rangdan_Xenocide
89392,There Is Only War (Anthology),https://warhammer40k.fandom.com/wiki/There_Is_Only_War_(Anthology)
89403,Tomb World Activation,https://warhammer40k.fandom.com/wiki/Tomb_World_Activation
89603,Torg,https://warhammer40k.fandom.com/wiki/Torg
89639,Thousand Stars Kindred,https://warhammer40k.fandom.com/wiki/Thousand_Stars_Kindred
89822,Toroll,https://warhammer40k.fandom.com/wiki/Toroll
89903,Theyn,https://warhammer40k.fandom.com/wiki/Theyn
90215,Titan Close Combat Weapons,https://warhammer40k.fandom.com/wiki/Titan_Close_Combat_Weapons
90279,Titan Power Ram,https://warhammer40k.fandom.com/wiki/Titan_Power_Ram
90281,Titan Power Saw,https://warhammer40k.fandom.com/wiki/Titan_Power_Saw
90283,Titan Wrecker,https://warhammer40k.fandom.com/wiki/Titan_Wrecker
90381,Toxin Grenade,https://warhammer40k.fandom.com/wiki/Toxin_Grenade
90562,Thoresta,https://warhammer40k.fandom.com/wiki/Thoresta
90714,Thermal Lance,https://warhammer40k.fandom.com/wiki/Thermal_Lance
90907,Throne gelt,https://warhammer40k.fandom.com/wiki/Throne_gelt
90908,Thrones,https://warhammer40k.fandom.com/wiki/Thrones
91076,Thrallband,https://warhammer40k.fandom.com/wiki/Thrallband
91077,Thrallbands,https://warhammer40k.fandom.com/wiki/Thrallbands
91083,"Tizcan Host, The","https://warhammer40k.fandom.com/wiki/Tizcan_Host,_The"
91084,Thoughtmark,https://warhammer40k.fandom.com/wiki/Thoughtmark
91282,Throne Gelt,https://warhammer40k.fandom.com/wiki/Throne_Gelt
91289,Thulean,https://warhammer40k.fandom.com/wiki/Thulean
91609,Traitor Auxilia,https://warhammer40k.fandom.com/wiki/Traitor_Auxilia
91743,Theodora von Valancius,https://warhammer40k.fandom.com/wiki/Theodora_von_Valancius
92029,Titus (Space Marine),https://warhammer40k.fandom.com/wiki/Titus_(Space_Marine)
92193,Throneside,https://warhammer40k.fandom.com/wiki/Throneside
92244,Torpedoes,https://warhammer40k.fandom.com/wiki/Torpedoes
92410,Tower of Hegemon,https://warhammer40k.fandom.com/wiki/Tower_of_Hegemon
92493,Tormentor Helm,https://warhammer40k.fandom.com/wiki/Tormentor_Helm
92494,Tormentor Helms,https://warhammer40k.fandom.com/wiki/Tormentor_Helms
92530,Thexian Elite,https://warhammer40k.fandom.com/wiki/Thexian_Elite
92531,Thexian Trade Empire,https://warhammer40k.fandom.com/wiki/Thexian_Trade_Empire
93022,Thunderhammer,https://warhammer40k.fandom.com/wiki/Thunderhammer
93201,Theomancer,https://warhammer40k.fandom.com/wiki/Theomancer
93301,"Third Covenant, The","https://warhammer40k.fandom.com/wiki/Third_Covenant,_The"
93451,Thrall,https://warhammer40k.fandom.com/wiki/Thrall
93452,Thralls,https://warhammer40k.fandom.com/wiki/Thralls
93534,Tormentors (Emperor's Children),https://warhammer40k.fandom.com/wiki/Tormentors_(Emperor%27s_Children)
93535,Tormentor,https://warhammer40k.fandom.com/wiki/Tormentor
93636,Thorakleo IV,https://warhammer40k.fandom.com/wiki/Thorakleo_IV
93792,The Warhawk,https://warhammer40k.fandom.com/wiki/The_Warhawk
3,Tyranids,https://warhammer40k.fandom.com/wiki/Tyranids
17,Tzeentch,https://warhammer40k.fandom.com/wiki/Tzeentch
115,Ultramarines,https://warhammer40k.fandom.com/wiki/Ultramarines
1559,Tyranid,https://warhammer40k.fandom.com/wiki/Tyranid
1577,Tyranid Warrior,https://warhammer40k.fandom.com/wiki/Tyranid_Warrior
1919,Twin-linked,https://warhammer40k.fandom.com/wiki/Twin-linked
1969,Turbo-Laser Destructor,https://warhammer40k.fandom.com/wiki/Turbo-Laser_Destructor
2192,Tzeench,https://warhammer40k.fandom.com/wiki/Tzeench
2333,Ulthwe,https://warhammer40k.fandom.com/wiki/Ulthwe
2334,Ulthwé,https://warhammer40k.fandom.com/wiki/Ulthw%C3%A9
2611,Tyrant Guard,https://warhammer40k.fandom.com/wiki/Tyrant_Guard
2654,Ultima Segmentum,https://warhammer40k.fandom.com/wiki/Ultima_Segmentum
2876,Tyrant Star,https://warhammer40k.fandom.com/wiki/Tyrant_Star
2885,Tyrantine Cabal,https://warhammer40k.fandom.com/wiki/Tyrantine_Cabal
3091,Ultramar,https://warhammer40k.fandom.com/wiki/Ultramar
3123,Tyranid Biomorphs,https://warhammer40k.fandom.com/wiki/Tyranid_Biomorphs
3195,Typoon Launcher,https://warhammer40k.fandom.com/wiki/Typoon_Launcher
3204,Typhoon Missile Launcher,https://warhammer40k.fandom.com/wiki/Typhoon_Missile_Launcher
3368,Triskele,https://warhammer40k.fandom.com/wiki/Triskele
4031,Ultramarines 2nd Company,https://warhammer40k.fandom.com/wiki/Ultramarines_2nd_Company
4238,Umbra,https://warhammer40k.fandom.com/wiki/Umbra
4522,Tu'Shan,https://warhammer40k.fandom.com/wiki/Tu%27Shan
5175,Trygon,https://warhammer40k.fandom.com/wiki/Trygon
5982,Trappa,https://warhammer40k.fandom.com/wiki/Trappa
6081,Ulrik the Slayer,https://warhammer40k.fandom.com/wiki/Ulrik_the_Slayer
6827,Typhon Primaris,https://warhammer40k.fandom.com/wiki/Typhon_Primaris
7807,Tyranid tervigon,https://warhammer40k.fandom.com/wiki/Tyranid_tervigon
8804,Typhus the Traveller,https://warhammer40k.fandom.com/wiki/Typhus_the_Traveller
9536,Ullanor Crusade,https://warhammer40k.fandom.com/wiki/Ullanor_Crusade
9632,Tyrant-class Cruiser,https://warhammer40k.fandom.com/wiki/Tyrant-class_Cruiser
10391,Ultramarines 4th Company,https://warhammer40k.fandom.com/wiki/Ultramarines_4th_Company
10507,Typhon,https://warhammer40k.fandom.com/wiki/Typhon
13309,Uber Aemos,https://warhammer40k.fandom.com/wiki/Uber_Aemos
13936,Tyranid Warrior Prime,https://warhammer40k.fandom.com/wiki/Tyranid_Warrior_Prime
13937,Tyranid Prime,https://warhammer40k.fandom.com/wiki/Tyranid_Prime
13947,Tyrannofex,https://warhammer40k.fandom.com/wiki/Tyrannofex
14051,Tsagualsa,https://warhammer40k.fandom.com/wiki/Tsagualsa
15026,Umbra Malygris,https://warhammer40k.fandom.com/wiki/Umbra_Malygris
15042,Tyran,https://warhammer40k.fandom.com/wiki/Tyran
15823,Umberto II,https://warhammer40k.fandom.com/wiki/Umberto_II
15981,Ulkair,https://warhammer40k.fandom.com/wiki/Ulkair
16447,Trojan,https://warhammer40k.fandom.com/wiki/Trojan
16521,Tributors,https://warhammer40k.fandom.com/wiki/Tributors
16533,Trojan (Support Tank),https://warhammer40k.fandom.com/wiki/Trojan_(Support_Tank)
16788,Tsara'noga,https://warhammer40k.fandom.com/wiki/Tsara%27noga
17182,"Ultramarines: A Warhammer 40,000 Movie","https://warhammer40k.fandom.com/wiki/Ultramarines:_A_Warhammer_40,000_Movie"
17300,Turbolaser Destructor,https://warhammer40k.fandom.com/wiki/Turbolaser_Destructor
17639,Tylos Rubio,https://warhammer40k.fandom.com/wiki/Tylos_Rubio
17660,Tyberos,https://warhammer40k.fandom.com/wiki/Tyberos
17956,Tyrant's Legion,https://warhammer40k.fandom.com/wiki/Tyrant%27s_Legion
19401,Tycho,https://warhammer40k.fandom.com/wiki/Tycho
20918,Tyrannic War Veteran,https://warhammer40k.fandom.com/wiki/Tyrannic_War_Veteran
24399,Ultramarines Honour Company,https://warhammer40k.fandom.com/wiki/Ultramarines_Honour_Company
25001,Twisted Blades,https://warhammer40k.fandom.com/wiki/Twisted_Blades
26932,Trisagion,https://warhammer40k.fandom.com/wiki/Trisagion
27352,Treaty of Mars,https://warhammer40k.fandom.com/wiki/Treaty_of_Mars
27649,Typhon Heavy Siege Tank,https://warhammer40k.fandom.com/wiki/Typhon_Heavy_Siege_Tank
28570,Turtolsky,https://warhammer40k.fandom.com/wiki/Turtolsky
28732,Turret Emplacement,https://warhammer40k.fandom.com/wiki/Turret_Emplacement
30221,Triarch Praetorian,https://warhammer40k.fandom.com/wiki/Triarch_Praetorian
30393,U'Zuhl,https://warhammer40k.fandom.com/wiki/U%27Zuhl
30608,Triarch Stalker,https://warhammer40k.fandom.com/wiki/Triarch_Stalker
31384,Turbulent-class Heavy Frigate,https://warhammer40k.fandom.com/wiki/Turbulent-class_Heavy_Frigate
32174,Transdimensional Beamer,https://warhammer40k.fandom.com/wiki/Transdimensional_Beamer
32205,Tyranid Weapons and Biomorphs,https://warhammer40k.fandom.com/wiki/Tyranid_Weapons_and_Biomorphs
32256,Tremorstave,https://warhammer40k.fandom.com/wiki/Tremorstave
32678,Tuska,https://warhammer40k.fandom.com/wiki/Tuska
33127,Ulumeathi Plasma Syphon,https://warhammer40k.fandom.com/wiki/Ulumeathi_Plasma_Syphon
36731,Triarch,https://warhammer40k.fandom.com/wiki/Triarch
36756,Trazyn,https://warhammer40k.fandom.com/wiki/Trazyn
36757,Trazyn the Infinite,https://warhammer40k.fandom.com/wiki/Trazyn_the_Infinite
38564,Transcendent C'tan,https://warhammer40k.fandom.com/wiki/Transcendent_C%27tan
40394,True Sons,https://warhammer40k.fandom.com/wiki/True_Sons
46158,Tyrus,https://warhammer40k.fandom.com/wiki/Tyrus
50413,Tribune,https://warhammer40k.fandom.com/wiki/Tribune
56373,Triaros,https://warhammer40k.fandom.com/wiki/Triaros
56534,Triaros Armoured Conveyer,https://warhammer40k.fandom.com/wiki/Triaros_Armoured_Conveyer
59349,Tyrant Siege Terminator,https://warhammer40k.fandom.com/wiki/Tyrant_Siege_Terminator
59362,Tyrant Siege Terminator Squad,https://warhammer40k.fandom.com/wiki/Tyrant_Siege_Terminator_Squad
59365,Tyrant Terminator,https://warhammer40k.fandom.com/wiki/Tyrant_Terminator
60931,Troupe Master,https://warhammer40k.fandom.com/wiki/Troupe_Master
64745,True Messengers,https://warhammer40k.fandom.com/wiki/True_Messengers
65302,Treachery at Port Maw,https://warhammer40k.fandom.com/wiki/Treachery_at_Port_Maw
66643,Tranch,https://warhammer40k.fandom.com/wiki/Tranch
66734,Twenty-Second Founding,https://warhammer40k.fandom.com/wiki/Twenty-Second_Founding
66735,Twenty-Third Founding,https://warhammer40k.fandom.com/wiki/Twenty-Third_Founding
66737,Twenty-Fifth Founding,https://warhammer40k.fandom.com/wiki/Twenty-Fifth_Founding
66738,Twenty-Six Founding,https://warhammer40k.fandom.com/wiki/Twenty-Six_Founding
66901,Tri-axis Ion Cannon,https://warhammer40k.fandom.com/wiki/Tri-axis_Ion_Cannon
68698,Triumph of Ullanor,https://warhammer40k.fandom.com/wiki/Triumph_of_Ullanor
68954,Transuranic Arquebus,https://warhammer40k.fandom.com/wiki/Transuranic_Arquebus
69152,Transonic Weapons,https://warhammer40k.fandom.com/wiki/Transonic_Weapons
69199,Tuchulcha,https://warhammer40k.fandom.com/wiki/Tuchulcha
72524,Twisted (Short Story),https://warhammer40k.fandom.com/wiki/Twisted_(Short_Story)
73335,Tzaangor,https://warhammer40k.fandom.com/wiki/Tzaangor
75038,Ultramar Campaign,https://warhammer40k.fandom.com/wiki/Ultramar_Campaign
75077,Ultramar Campaign (13th Black Crusade),https://warhammer40k.fandom.com/wiki/Ultramar_Campaign_(13th_Black_Crusade)
75219,Triumvirate of the Primarch,https://warhammer40k.fandom.com/wiki/Triumvirate_of_the_Primarch
75384,Ulthanesh,https://warhammer40k.fandom.com/wiki/Ulthanesh
75512,Ultima Founding,https://warhammer40k.fandom.com/wiki/Ultima_Founding
75717,Trueborn,https://warhammer40k.fandom.com/wiki/Trueborn
75718,Trueborns,https://warhammer40k.fandom.com/wiki/Trueborns
76390,Umbral Knights,https://warhammer40k.fandom.com/wiki/Umbral_Knights
76543,Twin Heavy Bolter,https://warhammer40k.fandom.com/wiki/Twin_Heavy_Bolter
76551,Twin Lascannon,https://warhammer40k.fandom.com/wiki/Twin_Lascannon
76814,Ullanor Prime,https://warhammer40k.fandom.com/wiki/Ullanor_Prime
77105,Triplex Phall,https://warhammer40k.fandom.com/wiki/Triplex_Phall
77396,Treaty of Olympus Mons,https://warhammer40k.fandom.com/wiki/Treaty_of_Olympus_Mons
77744,Truskan Snowhounds,https://warhammer40k.fandom.com/wiki/Truskan_Snowhounds
77981,Tremor Cannon,https://warhammer40k.fandom.com/wiki/Tremor_Cannon
78430,Turbolaser,https://warhammer40k.fandom.com/wiki/Turbolaser
79037,Trooper Arden,https://warhammer40k.fandom.com/wiki/Trooper_Arden
79549,Triumph at Ullanor,https://warhammer40k.fandom.com/wiki/Triumph_at_Ullanor
79574,Tzaangor Shaman,https://warhammer40k.fandom.com/wiki/Tzaangor_Shaman
79575,Tzaangor Enlightened,https://warhammer40k.fandom.com/wiki/Tzaangor_Enlightened
79646,Tzaangor Warherd,https://warhammer40k.fandom.com/wiki/Tzaangor_Warherd
80777,True Name,https://warhammer40k.fandom.com/wiki/True_Name
80943,Tribunes,https://warhammer40k.fandom.com/wiki/Tribunes
81193,Tranq,https://warhammer40k.fandom.com/wiki/Tranq
81289,Tyrant of Blueflame,https://warhammer40k.fandom.com/wiki/Tyrant_of_Blueflame
81534,Trappas,https://warhammer40k.fandom.com/wiki/Trappas
81614,Ulthanash,https://warhammer40k.fandom.com/wiki/Ulthanash
81643,UR-025,https://warhammer40k.fandom.com/wiki/UR-025
81664,Twin-linked Shoota,https://warhammer40k.fandom.com/wiki/Twin-linked_Shoota
81901,Ullanor,https://warhammer40k.fandom.com/wiki/Ullanor
82381,Twisted Helix,https://warhammer40k.fandom.com/wiki/Twisted_Helix
83018,Typhus,https://warhammer40k.fandom.com/wiki/Typhus
83107,Unbalanced Scales,https://warhammer40k.fandom.com/wiki/Unbalanced_Scales
83840,Ultramarine,https://warhammer40k.fandom.com/wiki/Ultramarine
83903,Truesilver Armour,https://warhammer40k.fandom.com/wiki/Truesilver_Armour
84033,Tulian Aquila,https://warhammer40k.fandom.com/wiki/Tulian_Aquila
84047,Ultramarines 1st Company,https://warhammer40k.fandom.com/wiki/Ultramarines_1st_Company
84064,Tyran Primus,https://warhammer40k.fandom.com/wiki/Tyran_Primus
84102,Ultramarines 3rd Company,https://warhammer40k.fandom.com/wiki/Ultramarines_3rd_Company
84470,Tyrannic Wars,https://warhammer40k.fandom.com/wiki/Tyrannic_Wars
84760,Twin Falx Blades,https://warhammer40k.fandom.com/wiki/Twin_Falx_Blades
84923,Tsua'Malor,https://warhammer40k.fandom.com/wiki/Tsua%27Malor
85038,Treyen,https://warhammer40k.fandom.com/wiki/Treyen
85039,Treyan,https://warhammer40k.fandom.com/wiki/Treyan
86280,Tyranid Escort Drone,https://warhammer40k.fandom.com/wiki/Tyranid_Escort_Drone
86302,Tyranid Cruiser,https://warhammer40k.fandom.com/wiki/Tyranid_Cruiser
86304,Tyranid Battlecruiser,https://warhammer40k.fandom.com/wiki/Tyranid_Battlecruiser
86659,Tsara'noga the Outsider,https://warhammer40k.fandom.com/wiki/Tsara%27noga_the_Outsider
86875,Transmechanic,https://warhammer40k.fandom.com/wiki/Transmechanic
87765,Triplex Sector,https://warhammer40k.fandom.com/wiki/Triplex_Sector
87767,Triplex System,https://warhammer40k.fandom.com/wiki/Triplex_System
87891,Triplex Galatia,https://warhammer40k.fandom.com/wiki/Triplex_Galatia
87892,Triplex Thule,https://warhammer40k.fandom.com/wiki/Triplex_Thule
87944,Triarchy,https://warhammer40k.fandom.com/wiki/Triarchy
88397,Tripartite Lance,https://warhammer40k.fandom.com/wiki/Tripartite_Lance
88414,Triad Ferrum Morgulus,https://warhammer40k.fandom.com/wiki/Triad_Ferrum_Morgulus
88498,Tyrant of Badab,https://warhammer40k.fandom.com/wiki/Tyrant_of_Badab
88622,Tzeentchian,https://warhammer40k.fandom.com/wiki/Tzeentchian
89434,Truths,https://warhammer40k.fandom.com/wiki/Truths
89435,Truth,https://warhammer40k.fandom.com/wiki/Truth
89602,Törg,https://warhammer40k.fandom.com/wiki/T%C3%B6rg
89642,Ukûlak's Kindred,https://warhammer40k.fandom.com/wiki/Uk%C3%BBlak%27s_Kindred
89643,Ukulak's Kindred,https://warhammer40k.fandom.com/wiki/Ukulak%27s_Kindred
89677,Transubstantium,https://warhammer40k.fandom.com/wiki/Transubstantium
89691,Trans-Hyperian Alliance,https://warhammer40k.fandom.com/wiki/Trans-Hyperian_Alliance
89723,URSR,https://warhammer40k.fandom.com/wiki/URSR
89749,Tyrant's Gate,https://warhammer40k.fandom.com/wiki/Tyrant%27s_Gate
89751,Typhon-Styx Protectorate,https://warhammer40k.fandom.com/wiki/Typhon-Styx_Protectorate
89821,Töroll,https://warhammer40k.fandom.com/wiki/T%C3%B6roll
89931,Tupelov Lancers,https://warhammer40k.fandom.com/wiki/Tupelov_Lancers
89959,Trial by Fire,https://warhammer40k.fandom.com/wiki/Trial_by_Fire
90137,Undead,https://warhammer40k.fandom.com/wiki/Undead
90178,Ultramarian,https://warhammer40k.fandom.com/wiki/Ultramarian
90287,Trident,https://warhammer40k.fandom.com/wiki/Trident
90288,Trident (Iron Warriors),https://warhammer40k.fandom.com/wiki/Trident_(Iron_Warriors)
90290,Triarch (Iron Warriors),https://warhammer40k.fandom.com/wiki/Triarch_(Iron_Warriors)
90443,Transonic Blade,https://warhammer40k.fandom.com/wiki/Transonic_Blade
90444,Transonic Razor,https://warhammer40k.fandom.com/wiki/Transonic_Razor
90637,Ultimaris Decree,https://warhammer40k.fandom.com/wiki/Ultimaris_Decree
90719,Tumulus Samael,https://warhammer40k.fandom.com/wiki/Tumulus_Samael
90839,Ultima Sector,https://warhammer40k.fandom.com/wiki/Ultima_Sector
90849,Twin-Linked Shoota,https://warhammer40k.fandom.com/wiki/Twin-Linked_Shoota
90939,Troupe master,https://warhammer40k.fandom.com/wiki/Troupe_master
90950,True Death,https://warhammer40k.fandom.com/wiki/True_Death
91293,Tricorn Palace,https://warhammer40k.fandom.com/wiki/Tricorn_Palace
91342,Unbeholden Reaches,https://warhammer40k.fandom.com/wiki/Unbeholden_Reaches
91363,Udug Hul,https://warhammer40k.fandom.com/wiki/Udug_Hul
91398,Ulthyr Ellarion,https://warhammer40k.fandom.com/wiki/Ulthyr_Ellarion
91515,True Mechanicum,https://warhammer40k.fandom.com/wiki/True_Mechanicum
91585,Tyranthikos,https://warhammer40k.fandom.com/wiki/Tyranthikos
91810,Ulfar,https://warhammer40k.fandom.com/wiki/Ulfar
91862,Tzeentchian Psychic Discipline,https://warhammer40k.fandom.com/wiki/Tzeentchian_Psychic_Discipline
91967,Transport,https://warhammer40k.fandom.com/wiki/Transport
92275,Trygon Prime,https://warhammer40k.fandom.com/wiki/Trygon_Prime
92425,Tyranid Invasion Process,https://warhammer40k.fandom.com/wiki/Tyranid_Invasion_Process
92430,Tyranid infestation,https://warhammer40k.fandom.com/wiki/Tyranid_infestation
92451,Tyrannic War Veterans,https://warhammer40k.fandom.com/wiki/Tyrannic_War_Veterans
92667,Tribe,https://warhammer40k.fandom.com/wiki/Tribe
92668,Tribes,https://warhammer40k.fandom.com/wiki/Tribes
93053,Triglav Sub-sector,https://warhammer40k.fandom.com/wiki/Triglav_Sub-sector
93753,Trooper (Adeptus Arbites),https://warhammer40k.fandom.com/wiki/Trooper_(Adeptus_Arbites)
93835,Unbound Infocyte,https://warhammer40k.fandom.com/wiki/Unbound_Infocyte
93836,Unbound Infocytes,https://warhammer40k.fandom.com/wiki/Unbound_Infocytes
93872,Tzaangor Shamans,https://warhammer40k.fandom.com/wiki/Tzaangor_Shamans
1754,Vespid,https://warhammer40k.fandom.com/wiki/Vespid
1945,Vanquisher Cannon,https://warhammer40k.fandom.com/wiki/Vanquisher_Cannon
2369,Ursarkar E. Creed,https://warhammer40k.fandom.com/wiki/Ursarkar_E._Creed
2370,Ursarkar Creed,https://warhammer40k.fandom.com/wiki/Ursarkar_Creed
3036,Verghast,https://warhammer40k.fandom.com/wiki/Verghast
3055,"Vehicles of the Imperium (Warhammer 40,000)","https://warhammer40k.fandom.com/wiki/Vehicles_of_the_Imperium_(Warhammer_40,000)"
3185,Uriel Ventris,https://warhammer40k.fandom.com/wiki/Uriel_Ventris
3553,Vespid (Planet),https://warhammer40k.fandom.com/wiki/Vespid_(Planet)
4029,Vehicles of the Imperial Guard,https://warhammer40k.fandom.com/wiki/Vehicles_of_the_Imperial_Guard
4191,Valhalla,https://warhammer40k.fandom.com/wiki/Valhalla
4369,Varro Tigurius,https://warhammer40k.fandom.com/wiki/Varro_Tigurius
4616,Vaul,https://warhammer40k.fandom.com/wiki/Vaul
6385,Vervunhive,https://warhammer40k.fandom.com/wiki/Vervunhive
7255,Venomthrope,https://warhammer40k.fandom.com/wiki/Venomthrope
8246,Vengeful Spirit,https://warhammer40k.fandom.com/wiki/Vengeful_Spirit
8894,Unforgiven,https://warhammer40k.fandom.com/wiki/Unforgiven
9693,Vehicles of the Imperium,https://warhammer40k.fandom.com/wiki/Vehicles_of_the_Imperium
9748,Valkyrie,https://warhammer40k.fandom.com/wiki/Valkyrie
12222,Vanquisher-class Battleship,https://warhammer40k.fandom.com/wiki/Vanquisher-class_Battleship
12226,Vengeance-class Grand Cruiser,https://warhammer40k.fandom.com/wiki/Vengeance-class_Grand_Cruiser
12442,Unification Wars,https://warhammer40k.fandom.com/wiki/Unification_Wars
12467,Unification War,https://warhammer40k.fandom.com/wiki/Unification_War
12468,Unification,https://warhammer40k.fandom.com/wiki/Unification
12469,Unity,https://warhammer40k.fandom.com/wiki/Unity
15150,Urienz,https://warhammer40k.fandom.com/wiki/Urienz
15953,Vangash'hagash,https://warhammer40k.fandom.com/wiki/Vangash%27hagash
15989,Vault,https://warhammer40k.fandom.com/wiki/Vault
16011,Urlock Gaur,https://warhammer40k.fandom.com/wiki/Urlock_Gaur
16522,Valedictors,https://warhammer40k.fandom.com/wiki/Valedictors
16523,Venerators,https://warhammer40k.fandom.com/wiki/Venerators
16524,Venerators of Osiron,https://warhammer40k.fandom.com/wiki/Venerators_of_Osiron
16751,Valdor Tank Hunter,https://warhammer40k.fandom.com/wiki/Valdor_Tank_Hunter
17728,Vendetta,https://warhammer40k.fandom.com/wiki/Vendetta
17748,Valkyrie Sky Talon,https://warhammer40k.fandom.com/wiki/Valkyrie_Sky_Talon
17926,Vanguard Veteran,https://warhammer40k.fandom.com/wiki/Vanguard_Veteran
17940,Vaylund Cal,https://warhammer40k.fandom.com/wiki/Vaylund_Cal
19681,Vespasian,https://warhammer40k.fandom.com/wiki/Vespasian
20688,Untouchable,https://warhammer40k.fandom.com/wiki/Untouchable
21096,Venom,https://warhammer40k.fandom.com/wiki/Venom
22662,Valhallan Ice Warriors,https://warhammer40k.fandom.com/wiki/Valhallan_Ice_Warriors
24891,Vectors of Pox,https://warhammer40k.fandom.com/wiki/Vectors_of_Pox
25351,Vengeance Chapter,https://warhammer40k.fandom.com/wiki/Vengeance_Chapter
25434,Varnus,https://warhammer40k.fandom.com/wiki/Varnus
25863,Venenum Temple,https://warhammer40k.fandom.com/wiki/Venenum_Temple
25865,Vanus Temple,https://warhammer40k.fandom.com/wiki/Vanus_Temple
26138,Venerable Dreadnought,https://warhammer40k.fandom.com/wiki/Venerable_Dreadnought
26643,Vance Stubbs,https://warhammer40k.fandom.com/wiki/Vance_Stubbs
27325,Uriah Olathaire,https://warhammer40k.fandom.com/wiki/Uriah_Olathaire
28441,Vakrah Jal,https://warhammer40k.fandom.com/wiki/Vakrah_Jal
30022,Velayne Ramaeus,https://warhammer40k.fandom.com/wiki/Velayne_Ramaeus
31838,Veil of Darkness,https://warhammer40k.fandom.com/wiki/Veil_of_Darkness
35129,Uttu Prime,https://warhammer40k.fandom.com/wiki/Uttu_Prime
36970,Vargard Obyron,https://warhammer40k.fandom.com/wiki/Vargard_Obyron
38412,Urkrathos,https://warhammer40k.fandom.com/wiki/Urkrathos
40415,Vampire,https://warhammer40k.fandom.com/wiki/Vampire
41897,Vectored Retro-Thrusters,https://warhammer40k.fandom.com/wiki/Vectored_Retro-Thrusters
41898,Velocity Tracker,https://warhammer40k.fandom.com/wiki/Velocity_Tracker
42013,Unified Targeting Matrix,https://warhammer40k.fandom.com/wiki/Unified_Targeting_Matrix
42808,V Legion,https://warhammer40k.fandom.com/wiki/V_Legion
42809,VI Legion,https://warhammer40k.fandom.com/wiki/VI_Legion
42810,VII Legion,https://warhammer40k.fandom.com/wiki/VII_Legion
42811,VIII Legion,https://warhammer40k.fandom.com/wiki/VIII_Legion
46577,Vengeful Spirit (Novel),https://warhammer40k.fandom.com/wiki/Vengeful_Spirit_(Novel)
52829,Unremembered Empire,https://warhammer40k.fandom.com/wiki/Unremembered_Empire
57648,Vectored Thruster Array,https://warhammer40k.fandom.com/wiki/Vectored_Thruster_Array
60725,Ur-Ghul,https://warhammer40k.fandom.com/wiki/Ur-Ghul
64688,Vaults of Moravec,https://warhammer40k.fandom.com/wiki/Vaults_of_Moravec
66434,Ur'zan Drakgaard,https://warhammer40k.fandom.com/wiki/Ur%27zan_Drakgaard
66647,Vaxanide,https://warhammer40k.fandom.com/wiki/Vaxanide
66659,Unspeaking,https://warhammer40k.fandom.com/wiki/Unspeaking
67639,Velk'Han,https://warhammer40k.fandom.com/wiki/Velk%27Han
70418,Venom Thorns,https://warhammer40k.fandom.com/wiki/Venom_Thorns
70551,Vandred Anrathi,https://warhammer40k.fandom.com/wiki/Vandred_Anrathi
70979,Vaxhallian Genocide,https://warhammer40k.fandom.com/wiki/Vaxhallian_Genocide
71255,Vardus Praal,https://warhammer40k.fandom.com/wiki/Vardus_Praal
71500,Variel,https://warhammer40k.fandom.com/wiki/Variel
71503,Uzas,https://warhammer40k.fandom.com/wiki/Uzas
72997,Veridyan,https://warhammer40k.fandom.com/wiki/Veridyan
73877,Urkanthos,https://warhammer40k.fandom.com/wiki/Urkanthos
74218,Veritas Ferrum (Audio Drama),https://warhammer40k.fandom.com/wiki/Veritas_Ferrum_(Audio_Drama)
74246,Varagyr,https://warhammer40k.fandom.com/wiki/Varagyr
74547,Ursulia,https://warhammer40k.fandom.com/wiki/Ursulia
74970,Vampyr,https://warhammer40k.fandom.com/wiki/Vampyr
75624,Vanguard Cruiser,https://warhammer40k.fandom.com/wiki/Vanguard_Cruiser
75878,Unnumbered Sons,https://warhammer40k.fandom.com/wiki/Unnumbered_Sons
76407,Vengeance Launcher,https://warhammer40k.fandom.com/wiki/Vengeance_Launcher
76754,Vanitor,https://warhammer40k.fandom.com/wiki/Vanitor
76889,Ursarax,https://warhammer40k.fandom.com/wiki/Ursarax
77106,Urdesh,https://warhammer40k.fandom.com/wiki/Urdesh
77107,Vanaheim,https://warhammer40k.fandom.com/wiki/Vanaheim
77731,Ventrillian Nobles,https://warhammer40k.fandom.com/wiki/Ventrillian_Nobles
77757,Varantha,https://warhammer40k.fandom.com/wiki/Varantha
78359,Valerius (Audio Drama),https://warhammer40k.fandom.com/wiki/Valerius_(Audio_Drama)
78466,Unmarked (Anthology Short Story),https://warhammer40k.fandom.com/wiki/Unmarked_(Anthology_Short_Story)
78472,Unforged (Anthology Short Story),https://warhammer40k.fandom.com/wiki/Unforged_(Anthology_Short_Story)
78473,Unspoken (Anthology Short Story),https://warhammer40k.fandom.com/wiki/Unspoken_(Anthology_Short_Story)
79001,Venerable Land Raider,https://warhammer40k.fandom.com/wiki/Venerable_Land_Raider
79016,Veiled Blade,https://warhammer40k.fandom.com/wiki/Veiled_Blade
79030,Vertus Praetor,https://warhammer40k.fandom.com/wiki/Vertus_Praetor
79128,Uttam Luna Hesh Udar,https://warhammer40k.fandom.com/wiki/Uttam_Luna_Hesh_Udar
79335,Venerable Contemptor Dreadnought,https://warhammer40k.fandom.com/wiki/Venerable_Contemptor_Dreadnought
79443,Veritus,https://warhammer40k.fandom.com/wiki/Veritus
79924,Vermilion Level (Short Story),https://warhammer40k.fandom.com/wiki/Vermilion_Level_(Short_Story)
80469,Venom Sphere,https://warhammer40k.fandom.com/wiki/Venom_Sphere
80834,Underworld War,https://warhammer40k.fandom.com/wiki/Underworld_War
81006,Vengeance Weapon Battery,https://warhammer40k.fandom.com/wiki/Vengeance_Weapon_Battery
81263,Varagyr Wolf Guard,https://warhammer40k.fandom.com/wiki/Varagyr_Wolf_Guard
81342,Veracity,https://warhammer40k.fandom.com/wiki/Veracity
81490,Valadrak,https://warhammer40k.fandom.com/wiki/Valadrak
81594,Venom Blade,https://warhammer40k.fandom.com/wiki/Venom_Blade
82089,Valiant Blades,https://warhammer40k.fandom.com/wiki/Valiant_Blades
82142,Venatari Custodian,https://warhammer40k.fandom.com/wiki/Venatari_Custodian
82382,Vejovium III,https://warhammer40k.fandom.com/wiki/Vejovium_III
82681,Vanguard Space Marine,https://warhammer40k.fandom.com/wiki/Vanguard_Space_Marine
82682,Vanguard Space Marines,https://warhammer40k.fandom.com/wiki/Vanguard_Space_Marines
82693,Vanguard Lieutenant,https://warhammer40k.fandom.com/wiki/Vanguard_Lieutenant
82695,Vanguard Librarian,https://warhammer40k.fandom.com/wiki/Vanguard_Librarian
82698,Vanguard Infiltrator,https://warhammer40k.fandom.com/wiki/Vanguard_Infiltrator
82700,Vanguard Suppressor,https://warhammer40k.fandom.com/wiki/Vanguard_Suppressor
82701,Vanguard Eliminator,https://warhammer40k.fandom.com/wiki/Vanguard_Eliminator
82855,Venomcrawler,https://warhammer40k.fandom.com/wiki/Venomcrawler
83218,Ursus Claw,https://warhammer40k.fandom.com/wiki/Ursus_Claw
83704,Vassalians,https://warhammer40k.fandom.com/wiki/Vassalians
83718,Vanguard Marine,https://warhammer40k.fandom.com/wiki/Vanguard_Marine
83719,Vanguard Marines,https://warhammer40k.fandom.com/wiki/Vanguard_Marines
84344,Varagyr Wolf Guard Terminator Squad,https://warhammer40k.fandom.com/wiki/Varagyr_Wolf_Guard_Terminator_Squad
84603,Veritus Sub-sector,https://warhammer40k.fandom.com/wiki/Veritus_Sub-sector
84630,Va'Jiya,https://warhammer40k.fandom.com/wiki/Va%27Jiya
84631,Vallia,https://warhammer40k.fandom.com/wiki/Vallia
84669,Vance Theren,https://warhammer40k.fandom.com/wiki/Vance_Theren
84716,Vanir System,https://warhammer40k.fandom.com/wiki/Vanir_System
84717,Vanir,https://warhammer40k.fandom.com/wiki/Vanir
84787,Vespasia,https://warhammer40k.fandom.com/wiki/Vespasia
84802,Ussax,https://warhammer40k.fandom.com/wiki/Ussax
84828,Venkrous,https://warhammer40k.fandom.com/wiki/Venkrous
84889,Urwin Sire,https://warhammer40k.fandom.com/wiki/Urwin_Sire
84904,Vanity,https://warhammer40k.fandom.com/wiki/Vanity
84909,Uriah Jacobus,https://warhammer40k.fandom.com/wiki/Uriah_Jacobus
84947,Verian-Holms Delacre,https://warhammer40k.fandom.com/wiki/Verian-Holms_Delacre
84963,Veren,https://warhammer40k.fandom.com/wiki/Veren
85353,Ur-legionaries,https://warhammer40k.fandom.com/wiki/Ur-legionaries
85433,Vakillar U'riss,https://warhammer40k.fandom.com/wiki/Vakillar_U%27riss
85526,Vanguard-class Light Cruiser,https://warhammer40k.fandom.com/wiki/Vanguard-class_Light_Cruiser
85553,Urien Rakarth,https://warhammer40k.fandom.com/wiki/Urien_Rakarth
86115,Veritas Ferrum,https://warhammer40k.fandom.com/wiki/Veritas_Ferrum
86279,Vanguard Drone Ship,https://warhammer40k.fandom.com/wiki/Vanguard_Drone_Ship
86996,Vanquisher's Mask,https://warhammer40k.fandom.com/wiki/Vanquisher%27s_Mask
87328,Vengeance Weapons Battery,https://warhammer40k.fandom.com/wiki/Vengeance_Weapons_Battery
87919,Variel the Flayer,https://warhammer40k.fandom.com/wiki/Variel_the_Flayer
87973,Verydian Hawks,https://warhammer40k.fandom.com/wiki/Verydian_Hawks
88057,Vanguard cruiser,https://warhammer40k.fandom.com/wiki/Vanguard_cruiser
88413,Ursus Claws,https://warhammer40k.fandom.com/wiki/Ursus_Claws
88593,Veiled Legion,https://warhammer40k.fandom.com/wiki/Veiled_Legion
88725,Venatari Lance,https://warhammer40k.fandom.com/wiki/Venatari_Lance
88736,Vaultsword,https://warhammer40k.fandom.com/wiki/Vaultsword
89384,Urlakk Urruk,https://warhammer40k.fandom.com/wiki/Urlakk_Urruk
89595,Urvymm's Bulwark,https://warhammer40k.fandom.com/wiki/Urvymm%27s_Bulwark
89697,Urvû's Kindred,https://warhammer40k.fandom.com/wiki/Urv%C3%BB%27s_Kindred
89698,Urvu's Kindred,https://warhammer40k.fandom.com/wiki/Urvu%27s_Kindred
89718,Urani-Surtr Regulates,https://warhammer40k.fandom.com/wiki/Urani-Surtr_Regulates
89800,Verispex Adept,https://warhammer40k.fandom.com/wiki/Verispex_Adept
89860,Urthak Skullripper,https://warhammer40k.fandom.com/wiki/Urthak_Skullripper
89925,Urals/Terawatt Clan,https://warhammer40k.fandom.com/wiki/Urals/Terawatt_Clan
89927,Urartu,https://warhammer40k.fandom.com/wiki/Urartu
89928,Ursh,https://warhammer40k.fandom.com/wiki/Ursh
89966,Uthar the Destined,https://warhammer40k.fandom.com/wiki/Uthar_the_Destined
89967,Uthar,https://warhammer40k.fandom.com/wiki/Uthar
90055,Vengor Launcher,https://warhammer40k.fandom.com/wiki/Vengor_Launcher
90145,Vashtorr,https://warhammer40k.fandom.com/wiki/Vashtorr
90146,Vashtorr the Arkifane,https://warhammer40k.fandom.com/wiki/Vashtorr_the_Arkifane
90323,Valador,https://warhammer40k.fandom.com/wiki/Valador
90387,Vasgotox,https://warhammer40k.fandom.com/wiki/Vasgotox
90428,Urian Vendraig,https://warhammer40k.fandom.com/wiki/Urian_Vendraig
90614,Venator Kill-team,https://warhammer40k.fandom.com/wiki/Venator_Kill-team
90713,Vanguard Veteran Squad,https://warhammer40k.fandom.com/wiki/Vanguard_Veteran_Squad
90869,Utorian Denash,https://warhammer40k.fandom.com/wiki/Utorian_Denash
90910,Valesnus,https://warhammer40k.fandom.com/wiki/Valesnus
90920,Vaedrian Shenol,https://warhammer40k.fandom.com/wiki/Vaedrian_Shenol
90963,Veiled Region,https://warhammer40k.fandom.com/wiki/Veiled_Region
90997,Ursula J. Creed,https://warhammer40k.fandom.com/wiki/Ursula_J._Creed
91045,Vectorium,https://warhammer40k.fandom.com/wiki/Vectorium
91334,Undred-Undred Teef,https://warhammer40k.fandom.com/wiki/Undred-Undred_Teef
91341,Vaporius,https://warhammer40k.fandom.com/wiki/Vaporius
91418,Unquenched,https://warhammer40k.fandom.com/wiki/Unquenched
91575,Vertus Captain-Commander,https://warhammer40k.fandom.com/wiki/Vertus_Captain-Commander
91771,Unsanctioned Psyker,https://warhammer40k.fandom.com/wiki/Unsanctioned_Psyker
91836,Uralon the Cruel,https://warhammer40k.fandom.com/wiki/Uralon_the_Cruel
91920,"Unspeaking, The","https://warhammer40k.fandom.com/wiki/Unspeaking,_The"
91922,Universe-class Mass Conveyor,https://warhammer40k.fandom.com/wiki/Universe-class_Mass_Conveyor
91932,Ventrillia,https://warhammer40k.fandom.com/wiki/Ventrillia
91949,Vagabond-class Merchant Trader,https://warhammer40k.fandom.com/wiki/Vagabond-class_Merchant_Trader
92830,Valorem Gadriel,https://warhammer40k.fandom.com/wiki/Valorem_Gadriel
92999,Vektrônn's Eye,https://warhammer40k.fandom.com/wiki/Vektr%C3%B4nn%27s_Eye
93000,Vektronn's Eye,https://warhammer40k.fandom.com/wiki/Vektronn%27s_Eye
93217,Valtus,https://warhammer40k.fandom.com/wiki/Valtus
93225,"Unhallowed, The","https://warhammer40k.fandom.com/wiki/Unhallowed,_The"
93327,Valhallan,https://warhammer40k.fandom.com/wiki/Valhallan
93734,Urgall Depression,https://warhammer40k.fandom.com/wiki/Urgall_Depression
93745,Verispex Squad,https://warhammer40k.fandom.com/wiki/Verispex_Squad
93933,Vanus Assassin,https://warhammer40k.fandom.com/wiki/Vanus_Assassin
1835,Vulkan,https://warhammer40k.fandom.com/wiki/Vulkan
1894,Vindicare Temple,https://warhammer40k.fandom.com/wiki/Vindicare_Temple
1925,Vox-caster,https://warhammer40k.fandom.com/wiki/Vox-caster
1967,Volcano Cannon,https://warhammer40k.fandom.com/wiki/Volcano_Cannon
2104,Void Dragon,https://warhammer40k.fandom.com/wiki/Void_Dragon
2595,Vox-drone,https://warhammer40k.fandom.com/wiki/Vox-drone
2627,Vespid Stingwings,https://warhammer40k.fandom.com/wiki/Vespid_Stingwings
2701,Volistad,https://warhammer40k.fandom.com/wiki/Volistad
2776,Vindicator,https://warhammer40k.fandom.com/wiki/Vindicator
2946,Vitria,https://warhammer40k.fandom.com/wiki/Vitria
3922,Vinculus Crusade,https://warhammer40k.fandom.com/wiki/Vinculus_Crusade
4364,Vulcan Mega Bolter,https://warhammer40k.fandom.com/wiki/Vulcan_Mega_Bolter
6158,Vitrian Dragoons,https://warhammer40k.fandom.com/wiki/Vitrian_Dragoons
7114,Vior'la,https://warhammer40k.fandom.com/wiki/Vior%27la
8188,Veteran Marines,https://warhammer40k.fandom.com/wiki/Veteran_Marines
8650,Void Shield,https://warhammer40k.fandom.com/wiki/Void_Shield
8751,Vindicare temple,https://warhammer40k.fandom.com/wiki/Vindicare_temple
9353,Vespids,https://warhammer40k.fandom.com/wiki/Vespids
9493,Void Stalker-class Battleship,https://warhammer40k.fandom.com/wiki/Void_Stalker-class_Battleship
9495,Void Stalker,https://warhammer40k.fandom.com/wiki/Void_Stalker
9503,Void shield,https://warhammer40k.fandom.com/wiki/Void_shield
9812,Vraks Prime,https://warhammer40k.fandom.com/wiki/Vraks_Prime
10774,Vraks,https://warhammer40k.fandom.com/wiki/Vraks
11136,Vraksian Traitor Militia,https://warhammer40k.fandom.com/wiki/Vraksian_Traitor_Militia
12001,Violators,https://warhammer40k.fandom.com/wiki/Violators
12224,Victory-class Battleship,https://warhammer40k.fandom.com/wiki/Victory-class_Battleship
13112,Vespid Stingwing,https://warhammer40k.fandom.com/wiki/Vespid_Stingwing
13252,Vostroya,https://warhammer40k.fandom.com/wiki/Vostroya
13527,Vindicare Assassin,https://warhammer40k.fandom.com/wiki/Vindicare_Assassin
13528,Vindicare Assassins,https://warhammer40k.fandom.com/wiki/Vindicare_Assassins
15039,Vichres,https://warhammer40k.fandom.com/wiki/Vichres
16525,Victors,https://warhammer40k.fandom.com/wiki/Victors
16526,Vindicators,https://warhammer40k.fandom.com/wiki/Vindicators
16714,Vulture,https://warhammer40k.fandom.com/wiki/Vulture
16731,Viper Legion,https://warhammer40k.fandom.com/wiki/Viper_Legion
16732,Vorpal Swords,https://warhammer40k.fandom.com/wiki/Vorpal_Swords
17337,Vortex Grenade,https://warhammer40k.fandom.com/wiki/Vortex_Grenade
17377,Vorth Mordrak,https://warhammer40k.fandom.com/wiki/Vorth_Mordrak
18113,Vyaniah,https://warhammer40k.fandom.com/wiki/Vyaniah
19318,Vulkan He'stan,https://warhammer40k.fandom.com/wiki/Vulkan_He%27stan
21759,Vostroyan Firstborn,https://warhammer40k.fandom.com/wiki/Vostroyan_Firstborn
21793,Vox,https://warhammer40k.fandom.com/wiki/Vox
25012,Vraksian Renegade Militia,https://warhammer40k.fandom.com/wiki/Vraksian_Renegade_Militia
25304,Vortex Warhead,https://warhammer40k.fandom.com/wiki/Vortex_Warhead
25314,Vortex Missile,https://warhammer40k.fandom.com/wiki/Vortex_Missile
25353,Viridian Consuls,https://warhammer40k.fandom.com/wiki/Viridian_Consuls
26047,Voss Prime,https://warhammer40k.fandom.com/wiki/Voss_Prime
26048,Voss,https://warhammer40k.fandom.com/wiki/Voss
26761,Volkite Weapons,https://warhammer40k.fandom.com/wiki/Volkite_Weapons
28461,Void Shields,https://warhammer40k.fandom.com/wiki/Void_Shields
31392,Viper-class Scout Sloop,https://warhammer40k.fandom.com/wiki/Viper-class_Scout_Sloop
31541,Viper-class Destroyer,https://warhammer40k.fandom.com/wiki/Viper-class_Destroyer
32176,Voidblade,https://warhammer40k.fandom.com/wiki/Voidblade
32193,Voltaic Staff,https://warhammer40k.fandom.com/wiki/Voltaic_Staff
35975,Volkite,https://warhammer40k.fandom.com/wiki/Volkite
36563,Veteran Squad,https://warhammer40k.fandom.com/wiki/Veteran_Squad
39257,Veteran Marine,https://warhammer40k.fandom.com/wiki/Veteran_Marine
41881,Veterans,https://warhammer40k.fandom.com/wiki/Veterans
42000,Vile Savants,https://warhammer40k.fandom.com/wiki/Vile_Savants
42458,Vulkan Lives,https://warhammer40k.fandom.com/wiki/Vulkan_Lives
48870,Vortimer Pattern Land Raider Redeemer,https://warhammer40k.fandom.com/wiki/Vortimer_Pattern_Land_Raider_Redeemer
61100,Voidweaver,https://warhammer40k.fandom.com/wiki/Voidweaver
64606,Vorax-class Battle-Automata,https://warhammer40k.fandom.com/wiki/Vorax-class_Battle-Automata
65927,Vore-Weapon,https://warhammer40k.fandom.com/wiki/Vore-Weapon
66040,Void Born,https://warhammer40k.fandom.com/wiki/Void_Born
66101,Void Kraken,https://warhammer40k.fandom.com/wiki/Void_Kraken
66170,Volker Straub,https://warhammer40k.fandom.com/wiki/Volker_Straub
66654,Volonx,https://warhammer40k.fandom.com/wiki/Volonx
67777,Vlka Fenryka,https://warhammer40k.fandom.com/wiki/Vlka_Fenryka
68285,Vicente Sixx,https://warhammer40k.fandom.com/wiki/Vicente_Sixx
72509,Vorax (Short Story),https://warhammer40k.fandom.com/wiki/Vorax_(Short_Story)
72513,Virtues of the Sons (Short Story),https://warhammer40k.fandom.com/wiki/Virtues_of_the_Sons_(Short_Story)
72590,"Visions of Heresy - War, Darkness, Treachery and Death (Omnibus)","https://warhammer40k.fandom.com/wiki/Visions_of_Heresy_-_War,_Darkness,_Treachery_and_Death_(Omnibus)"
74160,Vindicator Laser Destroyer,https://warhammer40k.fandom.com/wiki/Vindicator_Laser_Destroyer
74923,Volkite Culverin,https://warhammer40k.fandom.com/wiki/Volkite_Culverin
75221,Victrix Guard,https://warhammer40k.fandom.com/wiki/Victrix_Guard
75697,Voidborn,https://warhammer40k.fandom.com/wiki/Voidborn
75906,Virus Bomb,https://warhammer40k.fandom.com/wiki/Virus_Bomb
75908,Virus bomb,https://warhammer40k.fandom.com/wiki/Virus_bomb
76365,Void-master,https://warhammer40k.fandom.com/wiki/Void-master
76482,Veteran,https://warhammer40k.fandom.com/wiki/Veteran
77141,Vultarax,https://warhammer40k.fandom.com/wiki/Vultarax
77584,Void Tridents,https://warhammer40k.fandom.com/wiki/Void_Tridents
77746,Vresh Grenadiers,https://warhammer40k.fandom.com/wiki/Vresh_Grenadiers
77801,Veteran (Imperial Guard),https://warhammer40k.fandom.com/wiki/Veteran_(Imperial_Guard)
77802,Veteran Squad (Imperial Guard),https://warhammer40k.fandom.com/wiki/Veteran_Squad_(Imperial_Guard)
78292,Volkite Chieorovile,https://warhammer40k.fandom.com/wiki/Volkite_Chieorovile
78986,Vexilla,https://warhammer40k.fandom.com/wiki/Vexilla
79083,Vexilus Praetor,https://warhammer40k.fandom.com/wiki/Vexilus_Praetor
79139,Vulkan - Lord of Drakes (Novella),https://warhammer40k.fandom.com/wiki/Vulkan_-_Lord_of_Drakes_(Novella)
79635,Vortimer Pattern Razorback,https://warhammer40k.fandom.com/wiki/Vortimer_Pattern_Razorback
79912,Vice Admiral,https://warhammer40k.fandom.com/wiki/Vice_Admiral
79957,Viduity (Anthology Short Story),https://warhammer40k.fandom.com/wiki/Viduity_(Anthology_Short_Story)
80497,Volkite Serpenta,https://warhammer40k.fandom.com/wiki/Volkite_Serpenta
80498,Volkite Weapon,https://warhammer40k.fandom.com/wiki/Volkite_Weapon
80500,Volkite Blaster,https://warhammer40k.fandom.com/wiki/Volkite_Blaster
80501,Volkite Charger,https://warhammer40k.fandom.com/wiki/Volkite_Charger
80502,Volkite Carronade,https://warhammer40k.fandom.com/wiki/Volkite_Carronade
80503,Volkite Caliver,https://warhammer40k.fandom.com/wiki/Volkite_Caliver
80504,Volkite Demi-Culverin,https://warhammer40k.fandom.com/wiki/Volkite_Demi-Culverin
80505,Volkite Sentinel,https://warhammer40k.fandom.com/wiki/Volkite_Sentinel
80506,Volkite Incinerator,https://warhammer40k.fandom.com/wiki/Volkite_Incinerator
80674,Volcano Lance,https://warhammer40k.fandom.com/wiki/Volcano_Lance
81011,Void Shield Generator,https://warhammer40k.fandom.com/wiki/Void_Shield_Generator
81012,Void Shield Generators,https://warhammer40k.fandom.com/wiki/Void_Shield_Generators
81013,Void Relay Network,https://warhammer40k.fandom.com/wiki/Void_Relay_Network
81180,Void Suit,https://warhammer40k.fandom.com/wiki/Void_Suit
81334,Voidsheen Cloak,https://warhammer40k.fandom.com/wiki/Voidsheen_Cloak
81336,Vratine Armour,https://warhammer40k.fandom.com/wiki/Vratine_Armour
81370,Vow of Tranquility,https://warhammer40k.fandom.com/wiki/Vow_of_Tranquility
81415,Vorx,https://warhammer40k.fandom.com/wiki/Vorx
81429,Vigilus,https://warhammer40k.fandom.com/wiki/Vigilus
81598,Vileth,https://warhammer40k.fandom.com/wiki/Vileth
81760,Vorn Hagan,https://warhammer40k.fandom.com/wiki/Vorn_Hagan
82316,Vogen,https://warhammer40k.fandom.com/wiki/Vogen
82392,Void Whale,https://warhammer40k.fandom.com/wiki/Void_Whale
82422,Vigilance Quadrex,https://warhammer40k.fandom.com/wiki/Vigilance_Quadrex
82431,Voidbrood,https://warhammer40k.fandom.com/wiki/Voidbrood
82716,Vigilus System,https://warhammer40k.fandom.com/wiki/Vigilus_System
82800,Vigilant Guard,https://warhammer40k.fandom.com/wiki/Vigilant_Guard
83290,Void Shield Harness,https://warhammer40k.fandom.com/wiki/Void_Shield_Harness
83702,Viskeons,https://warhammer40k.fandom.com/wiki/Viskeons
83985,Victrix Honour Guard,https://warhammer40k.fandom.com/wiki/Victrix_Honour_Guard
84144,Voidsmen,https://warhammer40k.fandom.com/wiki/Voidsmen
84145,Voidsmen-at-Arms,https://warhammer40k.fandom.com/wiki/Voidsmen-at-Arms
84147,Voidmaster,https://warhammer40k.fandom.com/wiki/Voidmaster
84969,Vils Andarion,https://warhammer40k.fandom.com/wiki/Vils_Andarion
85460,Veyoris Akioh,https://warhammer40k.fandom.com/wiki/Veyoris_Akioh
86276,Void Prowler,https://warhammer40k.fandom.com/wiki/Void_Prowler
86389,Voidrippers,https://warhammer40k.fandom.com/wiki/Voidrippers
88055,Vice-admiral,https://warhammer40k.fandom.com/wiki/Vice-admiral
88079,Void Axes,https://warhammer40k.fandom.com/wiki/Void_Axes
88082,Void Daggers,https://warhammer40k.fandom.com/wiki/Void_Daggers
88614,Volkite Falconet,https://warhammer40k.fandom.com/wiki/Volkite_Falconet
88615,Volkite Falconet Battery,https://warhammer40k.fandom.com/wiki/Volkite_Falconet_Battery
88791,Void shields,https://warhammer40k.fandom.com/wiki/Void_shields
88822,Volkite Veuglaire,https://warhammer40k.fandom.com/wiki/Volkite_Veuglaire
88966,Veteran Intercessor,https://warhammer40k.fandom.com/wiki/Veteran_Intercessor
88967,Veteran Assault Intercessor,https://warhammer40k.fandom.com/wiki/Veteran_Assault_Intercessor
89072,Volkite Cardanelle,https://warhammer40k.fandom.com/wiki/Volkite_Cardanelle
89167,Void Crossed (Short Story),https://warhammer40k.fandom.com/wiki/Void_Crossed_(Short_Story)
89302,Volkite Combustor,https://warhammer40k.fandom.com/wiki/Volkite_Combustor
89404,Voted-lieutenant,https://warhammer40k.fandom.com/wiki/Voted-lieutenant
89431,Votann,https://warhammer40k.fandom.com/wiki/Votann
89447,Votannic Council,https://warhammer40k.fandom.com/wiki/Votannic_Council
89464,Void suit,https://warhammer40k.fandom.com/wiki/Void_suit
89465,Void armour,https://warhammer40k.fandom.com/wiki/Void_armour
89600,Vonyk's Hall of Hammers,https://warhammer40k.fandom.com/wiki/Vonyk%27s_Hall_of_Hammers
89674,Vok,https://warhammer40k.fandom.com/wiki/Vok
89701,Vordine,https://warhammer40k.fandom.com/wiki/Vordine
89774,Voidmaster (Leagues of Votann),https://warhammer40k.fandom.com/wiki/Voidmaster_(Leagues_of_Votann)
89850,Void Strider Kindred,https://warhammer40k.fandom.com/wiki/Void_Strider_Kindred
89969,Void Armour,https://warhammer40k.fandom.com/wiki/Void_Armour
90083,Virus-bombing,https://warhammer40k.fandom.com/wiki/Virus-bombing
90110,Voidraven Bomber,https://warhammer40k.fandom.com/wiki/Voidraven_Bomber
90114,Voidraven Missile,https://warhammer40k.fandom.com/wiki/Voidraven_Missile
90115,Voidraven Missiles,https://warhammer40k.fandom.com/wiki/Voidraven_Missiles
90117,Void Mine,https://warhammer40k.fandom.com/wiki/Void_Mine
90211,Votannic Bolt Cannon,https://warhammer40k.fandom.com/wiki/Votannic_Bolt_Cannon
90249,Volkite Destructor,https://warhammer40k.fandom.com/wiki/Volkite_Destructor
90251,Volkite Eradicator,https://warhammer40k.fandom.com/wiki/Volkite_Eradicator
90303,Volkanite Disintegrator,https://warhammer40k.fandom.com/wiki/Volkanite_Disintegrator
90305,Volkanite Weapons,https://warhammer40k.fandom.com/wiki/Volkanite_Weapons
90306,Volkanite Weapon,https://warhammer40k.fandom.com/wiki/Volkanite_Weapon
90372,Von Ryan's Leaper,https://warhammer40k.fandom.com/wiki/Von_Ryan%27s_Leaper
90378,Voted-Lieutenant,https://warhammer40k.fandom.com/wiki/Voted-Lieutenant
90537,Voltagheist Field,https://warhammer40k.fandom.com/wiki/Voltagheist_Field
90600,Voidship shields,https://warhammer40k.fandom.com/wiki/Voidship_shields
90603,Voidship shield,https://warhammer40k.fandom.com/wiki/Voidship_shield
90632,Vigil Spear,https://warhammer40k.fandom.com/wiki/Vigil_Spear
90679,Vorotheion,https://warhammer40k.fandom.com/wiki/Vorotheion
90686,Vorotheion Uprising,https://warhammer40k.fandom.com/wiki/Vorotheion_Uprising
90760,Veteran Biker,https://warhammer40k.fandom.com/wiki/Veteran_Biker
90761,Veteran Bikers,https://warhammer40k.fandom.com/wiki/Veteran_Bikers
90781,Vivispectrum,https://warhammer40k.fandom.com/wiki/Vivispectrum
90912,Vilnus,https://warhammer40k.fandom.com/wiki/Vilnus
91042,Vresh,https://warhammer40k.fandom.com/wiki/Vresh
91065,Virtue (Blood Angels),https://warhammer40k.fandom.com/wiki/Virtue_(Blood_Angels)
91096,Voidscale Cloak,https://warhammer40k.fandom.com/wiki/Voidscale_Cloak
91272,Volkite Cavitor,https://warhammer40k.fandom.com/wiki/Volkite_Cavitor
91408,Vigilator,https://warhammer40k.fandom.com/wiki/Vigilator
91411,Vigilator Cadre,https://warhammer40k.fandom.com/wiki/Vigilator_Cadre
91412,Vigilator cadre,https://warhammer40k.fandom.com/wiki/Vigilator_cadre
91446,Vratine Bolter,https://warhammer40k.fandom.com/wiki/Vratine_Bolter
91451,Vratine Grenade Launcher,https://warhammer40k.fandom.com/wiki/Vratine_Grenade_Launcher
91646,Vindictor Flamer,https://warhammer40k.fandom.com/wiki/Vindictor_Flamer
91776,Von Valancius,https://warhammer40k.fandom.com/wiki/Von_Valancius
91782,Von Valancius' Realm,https://warhammer40k.fandom.com/wiki/Von_Valancius%27_Realm
91787,Von Valancius dynasty,https://warhammer40k.fandom.com/wiki/Von_Valancius_dynasty
91834,Von Valancius Protectorate,https://warhammer40k.fandom.com/wiki/Von_Valancius_Protectorate
91849,Vox Master Vigdis,https://warhammer40k.fandom.com/wiki/Vox_Master_Vigdis
91853,Void born,https://warhammer40k.fandom.com/wiki/Void_born
91904,Vistenza Vyatt,https://warhammer40k.fandom.com/wiki/Vistenza_Vyatt
92003,Veteran Sharpshooter,https://warhammer40k.fandom.com/wiki/Veteran_Sharpshooter
92156,Vincent Morrow,https://warhammer40k.fandom.com/wiki/Vincent_Morrow
92272,Voidraven,https://warhammer40k.fandom.com/wiki/Voidraven
92307,Vraesque Malidrach,https://warhammer40k.fandom.com/wiki/Vraesque_Malidrach
92547,Vesuna Regis,https://warhammer40k.fandom.com/wiki/Vesuna_Regis
93295,Volg,https://warhammer40k.fandom.com/wiki/Volg
93394,Vilamus,https://warhammer40k.fandom.com/wiki/Vilamus
46,Warp,https://warhammer40k.fandom.com/wiki/Warp
260,Warhammer Website Directory,https://warhammer40k.fandom.com/wiki/Warhammer_Website_Directory
2029,"Warhammer 40,000","https://warhammer40k.fandom.com/wiki/Warhammer_40,000"
2032,Warhammer,https://warhammer40k.fandom.com/wiki/Warhammer
2151,Warhammer 40k Wiki,https://warhammer40k.fandom.com/wiki/Warhammer_40k_Wiki
2170,Warhammer 40000: Dawn of War,https://warhammer40k.fandom.com/wiki/Warhammer_40000:_Dawn_of_War
2186,Warp grenade,https://warhammer40k.fandom.com/wiki/Warp_grenade
2223,Warlord Ghazghkull Mag Uruk Thraka,https://warhammer40k.fandom.com/wiki/Warlord_Ghazghkull_Mag_Uruk_Thraka
2259,WH40k:Reference,https://warhammer40k.fandom.com/wiki/WH40k:Reference
2274,WH40k:Copying Articles From Wikipedia,https://warhammer40k.fandom.com/wiki/WH40k:Copying_Articles_From_Wikipedia
2285,War Walker,https://warhammer40k.fandom.com/wiki/War_Walker
2417,"Warhammer 40,00 Apocalypse","https://warhammer40k.fandom.com/wiki/Warhammer_40,00_Apocalypse"
2499,Warp Spiders,https://warhammer40k.fandom.com/wiki/Warp_Spiders
2717,WAAAGH!,https://warhammer40k.fandom.com/wiki/WAAAGH!
2826,Warboss,https://warhammer40k.fandom.com/wiki/Warboss
2901,War world,https://warhammer40k.fandom.com/wiki/War_world
2945,Warmaster,https://warhammer40k.fandom.com/wiki/Warmaster
3014,Warboss Gorgutz,https://warhammer40k.fandom.com/wiki/Warboss_Gorgutz
3029,"Warhammer 40,000: Apocalypse","https://warhammer40k.fandom.com/wiki/Warhammer_40,000:_Apocalypse"
3276,"Warhammer 40,000: Dawn Of War","https://warhammer40k.fandom.com/wiki/Warhammer_40,000:_Dawn_Of_War"
3281,Warsphere,https://warhammer40k.fandom.com/wiki/Warsphere
3282,Warp-Drive,https://warhammer40k.fandom.com/wiki/Warp-Drive
3283,Warp-Drives,https://warhammer40k.fandom.com/wiki/Warp-Drives
3286,Warp-Engine,https://warhammer40k.fandom.com/wiki/Warp-Engine
3417,Vyper,https://warhammer40k.fandom.com/wiki/Vyper
3510,Warlord,https://warhammer40k.fandom.com/wiki/Warlord
3890,Warp Ghosts,https://warhammer40k.fandom.com/wiki/Warp_Ghosts
3925,Wars of Apostasy,https://warhammer40k.fandom.com/wiki/Wars_of_Apostasy
4182,Warp Storm,https://warhammer40k.fandom.com/wiki/Warp_Storm
4190,Warp storm,https://warhammer40k.fandom.com/wiki/Warp_storm
4669,Warp spider,https://warhammer40k.fandom.com/wiki/Warp_spider
4813,Warmaster Macaroth,https://warhammer40k.fandom.com/wiki/Warmaster_Macaroth
5154,Warlock,https://warhammer40k.fandom.com/wiki/Warlock
7359,Warboar,https://warhammer40k.fandom.com/wiki/Warboar
8694,Warboss Gorgutz 'Ead 'Unter,https://warhammer40k.fandom.com/wiki/Warboss_Gorgutz_%27Ead_%27Unter
8731,Warlord Snagrod,https://warhammer40k.fandom.com/wiki/Warlord_Snagrod
10075,"Warhammer 40,000: Dawn of War II","https://warhammer40k.fandom.com/wiki/Warhammer_40,000:_Dawn_of_War_II"
10145,"Warhammer 40,000: Dawn of War","https://warhammer40k.fandom.com/wiki/Warhammer_40,000:_Dawn_of_War"
10147,"Warhammer 40,000: Dawn of War: Soulstorm","https://warhammer40k.fandom.com/wiki/Warhammer_40,000:_Dawn_of_War:_Soulstorm"
10149,"Warhammer 40,000: Fire Warrior","https://warhammer40k.fandom.com/wiki/Warhammer_40,000:_Fire_Warrior"
11415,Warhammer 40k Wiki&bot=1,https://warhammer40k.fandom.com/wiki/Warhammer_40k_Wiki%26bot%3D1
11679,War Bearers,https://warhammer40k.fandom.com/wiki/War_Bearers
11767,War World,https://warhammer40k.fandom.com/wiki/War_World
12011,Warriors of Aggannor,https://warhammer40k.fandom.com/wiki/Warriors_of_Aggannor
12013,Warriors of Mayhem,https://warhammer40k.fandom.com/wiki/Warriors_of_Mayhem
12330,Warmongers,https://warhammer40k.fandom.com/wiki/Warmongers
12333,Warrior Adepts,https://warhammer40k.fandom.com/wiki/Warrior_Adepts
12334,War Adepts,https://warhammer40k.fandom.com/wiki/War_Adepts
15404,Warhound-class Titan,https://warhammer40k.fandom.com/wiki/Warhound-class_Titan
15797,"Warhammer 40,000 Roleplay","https://warhammer40k.fandom.com/wiki/Warhammer_40,000_Roleplay"
16527,Warriors Tempest,https://warhammer40k.fandom.com/wiki/Warriors_Tempest
16733,Warhawks,https://warhammer40k.fandom.com/wiki/Warhawks
17240,Warlord-class Titan,https://warhammer40k.fandom.com/wiki/Warlord-class_Titan
19264,"Warhammer 40,000: Squad Command","https://warhammer40k.fandom.com/wiki/Warhammer_40,000:_Squad_Command"
20400,Watch Fortress Erioch,https://warhammer40k.fandom.com/wiki/Watch_Fortress_Erioch
20405,Watch Captain,https://warhammer40k.fandom.com/wiki/Watch_Captain
20406,Watch Commander,https://warhammer40k.fandom.com/wiki/Watch_Commander
21080,Warhammer40k:Project Purpose,https://warhammer40k.fandom.com/wiki/Warhammer40k:Project_Purpose
24002,Warband of Sektoth,https://warhammer40k.fandom.com/wiki/Warband_of_Sektoth
24882,Warrior's Pilgrimage,https://warhammer40k.fandom.com/wiki/Warrior%27s_Pilgrimage
24883,Warriors's Pilgrimage,https://warhammer40k.fandom.com/wiki/Warriors%27s_Pilgrimage
24911,War Hounds,https://warhammer40k.fandom.com/wiki/War_Hounds
25251,Warpsmith,https://warhammer40k.fandom.com/wiki/Warpsmith
25286,War Council,https://warhammer40k.fandom.com/wiki/War_Council
25672,Warrior Lodge,https://warhammer40k.fandom.com/wiki/Warrior_Lodge
25734,War Worlds,https://warhammer40k.fandom.com/wiki/War_Worlds
26150,Warp Talon,https://warhammer40k.fandom.com/wiki/Warp_Talon
26153,Warp Talons,https://warhammer40k.fandom.com/wiki/Warp_Talons
29885,Warrant of Trade,https://warhammer40k.fandom.com/wiki/Warrant_of_Trade
30474,WAAAGH! Grimtoof,https://warhammer40k.fandom.com/wiki/WAAAGH!_Grimtoof
30791,Warpsword,https://warhammer40k.fandom.com/wiki/Warpsword
31646,Warp Amplifier,https://warhammer40k.fandom.com/wiki/Warp_Amplifier
31677,Warscythe,https://warhammer40k.fandom.com/wiki/Warscythe
33244,Waaagh!,https://warhammer40k.fandom.com/wiki/Waaagh!
39771,Warbike,https://warhammer40k.fandom.com/wiki/Warbike
41606,Warscaper Drone,https://warhammer40k.fandom.com/wiki/Warscaper_Drone
52489,Warsmith,https://warhammer40k.fandom.com/wiki/Warsmith
54511,Warbiker,https://warhammer40k.fandom.com/wiki/Warbiker
54657,Warbikerz,https://warhammer40k.fandom.com/wiki/Warbikerz
55047,War of The Wolf,https://warhammer40k.fandom.com/wiki/War_of_The_Wolf
56522,"Warhammer 40,000: Carnage","https://warhammer40k.fandom.com/wiki/Warhammer_40,000:_Carnage"
65689,Warden-class Gunship,https://warhammer40k.fandom.com/wiki/Warden-class_Gunship
65849,WAAAGH,https://warhammer40k.fandom.com/wiki/WAAAGH
68586,Warriors of the Reborn,https://warhammer40k.fandom.com/wiki/Warriors_of_the_Reborn
69284,War Without End (Anthology),https://warhammer40k.fandom.com/wiki/War_Without_End_(Anthology)
69796,Warhammer 40k Wiki/Main Page,https://warhammer40k.fandom.com/wiki/Warhammer_40k_Wiki/Main_Page
70098,Warmonger-class Titan,https://warhammer40k.fandom.com/wiki/Warmonger-class_Titan
71440,Wars of Unification,https://warhammer40k.fandom.com/wiki/Wars_of_Unification
72208,War Without End,https://warhammer40k.fandom.com/wiki/War_Without_End
73430,Warp Gheists,https://warhammer40k.fandom.com/wiki/Warp_Gheists
73896,War in Heaven (Necron),https://warhammer40k.fandom.com/wiki/War_in_Heaven_(Necron)
73897,Warp Gate,https://warhammer40k.fandom.com/wiki/Warp_Gate
74216,Warmaster (Audio Drama),https://warhammer40k.fandom.com/wiki/Warmaster_(Audio_Drama)
75988,Warrior lodge,https://warhammer40k.fandom.com/wiki/Warrior_lodge
78994,Warders of Rythos,https://warhammer40k.fandom.com/wiki/Warders_of_Rythos
79523,Warp Rift,https://warhammer40k.fandom.com/wiki/Warp_Rift
79524,Warp rift,https://warhammer40k.fandom.com/wiki/Warp_rift
79591,Warpflame Weapons,https://warhammer40k.fandom.com/wiki/Warpflame_Weapons
79592,Warpflame Pistol,https://warhammer40k.fandom.com/wiki/Warpflame_Pistol
79593,Warpflamer,https://warhammer40k.fandom.com/wiki/Warpflamer
79830,Warpclaw,https://warhammer40k.fandom.com/wiki/Warpclaw
80153,Warphead,https://warhammer40k.fandom.com/wiki/Warphead
80258,War-Born,https://warhammer40k.fandom.com/wiki/War-Born
80409,Warden,https://warhammer40k.fandom.com/wiki/Warden
80508,War of Faith,https://warhammer40k.fandom.com/wiki/War_of_Faith
80546,Warlock Titan,https://warhammer40k.fandom.com/wiki/Warlock_Titan
80558,Warp Jump Generator,https://warhammer40k.fandom.com/wiki/Warp_Jump_Generator
80738,Warp Spider Jump Generator,https://warhammer40k.fandom.com/wiki/Warp_Spider_Jump_Generator
80845,War of the False Primarch,https://warhammer40k.fandom.com/wiki/War_of_the_False_Primarch
80992,Wall of Martyrs Defence Line,https://warhammer40k.fandom.com/wiki/Wall_of_Martyrs_Defence_Line
80995,Wall of Martyrs Defence Emplacement,https://warhammer40k.fandom.com/wiki/Wall_of_Martyrs_Defence_Emplacement
80997,Wall of Martyrs Bunker,https://warhammer40k.fandom.com/wiki/Wall_of_Martyrs_Bunker
80999,Wall of Martyrs Firestorm Redoubt,https://warhammer40k.fandom.com/wiki/Wall_of_Martyrs_Firestorm_Redoubt
81005,Wall of Martyrs Vengeance Weapon Battery,https://warhammer40k.fandom.com/wiki/Wall_of_Martyrs_Vengeance_Weapon_Battery
81008,Wall of Martyrs Defence Network,https://warhammer40k.fandom.com/wiki/Wall_of_Martyrs_Defence_Network
81803,Warbringer Nemesis-class Titan,https://warhammer40k.fandom.com/wiki/Warbringer_Nemesis-class_Titan
81914,War of the Beast,https://warhammer40k.fandom.com/wiki/War_of_the_Beast
82113,Warsinger,https://warhammer40k.fandom.com/wiki/Warsinger
82253,War for Sanctoria,https://warhammer40k.fandom.com/wiki/War_for_Sanctoria
83287,Warp Shunt Field,https://warhammer40k.fandom.com/wiki/Warp_Shunt_Field
83589,War Dog,https://warhammer40k.fandom.com/wiki/War_Dog
83902,Warp Stabilisation Field,https://warhammer40k.fandom.com/wiki/Warp_Stabilisation_Field
84227,War in the Labyrinth,https://warhammer40k.fandom.com/wiki/War_in_the_Labyrinth
84545,Warpflame Gargoyles,https://warhammer40k.fandom.com/wiki/Warpflame_Gargoyles
84833,Watch Fortress,https://warhammer40k.fandom.com/wiki/Watch_Fortress
84856,Warrant Officer,https://warhammer40k.fandom.com/wiki/Warrant_Officer
84967,Wars of Faith,https://warhammer40k.fandom.com/wiki/Wars_of_Faith
85117,Warbringer-class Titan,https://warhammer40k.fandom.com/wiki/Warbringer-class_Titan
85307,Warlord-Sinister-class Titan,https://warhammer40k.fandom.com/wiki/Warlord-Sinister-class_Titan
85754,Warp Storms,https://warhammer40k.fandom.com/wiki/Warp_Storms
85896,Warhammer 40k:stub,https://warhammer40k.fandom.com/wiki/Warhammer_40k:stub
85898,Warhammer 40k:Copyrights,https://warhammer40k.fandom.com/wiki/Warhammer_40k:Copyrights
85899,Warhammer 40k:Stub,https://warhammer40k.fandom.com/wiki/Warhammer_40k:Stub
87337,War for the Aberrus System,https://warhammer40k.fandom.com/wiki/War_for_the_Aberrus_System
87521,Warmaster-class Titan,https://warhammer40k.fandom.com/wiki/Warmaster-class_Titan
87528,Warmaster-Class Titan,https://warhammer40k.fandom.com/wiki/Warmaster-Class_Titan
87821,Warp Missile,https://warhammer40k.fandom.com/wiki/Warp_Missile
87887,Warmaster of Chaos,https://warhammer40k.fandom.com/wiki/Warmaster_of_Chaos
87976,Wardens of the Philae,https://warhammer40k.fandom.com/wiki/Wardens_of_the_Philae
88134,Warmaster Iconoclast-class Titan,https://warhammer40k.fandom.com/wiki/Warmaster_Iconoclast-class_Titan
88232,Warmaster Iconoclast Titan,https://warhammer40k.fandom.com/wiki/Warmaster_Iconoclast_Titan
88449,Warplord-class Titan,https://warhammer40k.fandom.com/wiki/Warplord-class_Titan
88687,War in Heaven (Aeldari),https://warhammer40k.fandom.com/wiki/War_in_Heaven_(Aeldari)
88689,War in Heaven (Eldar),https://warhammer40k.fandom.com/wiki/War_in_Heaven_(Eldar)
89004,Warped Stars (Short Story),https://warhammer40k.fandom.com/wiki/Warped_Stars_(Short_Story)
89076,War Dog Executioner,https://warhammer40k.fandom.com/wiki/War_Dog_Executioner
89083,War Dog Stalker,https://warhammer40k.fandom.com/wiki/War_Dog_Stalker
89215,War in the Museum (Short Story),https://warhammer40k.fandom.com/wiki/War_in_the_Museum_(Short_Story)
89281,War Dog Karnivore,https://warhammer40k.fandom.com/wiki/War_Dog_Karnivore
89286,War Dog Brigand,https://warhammer40k.fandom.com/wiki/War_Dog_Brigand
89293,War Dog Autocannon,https://warhammer40k.fandom.com/wiki/War_Dog_Autocannon
89297,War Dog Huntsman,https://warhammer40k.fandom.com/wiki/War_Dog_Huntsman
89312,Warp Storm Discipline,https://warhammer40k.fandom.com/wiki/Warp_Storm_Discipline
89599,Vônyk's Hall of Hammers,https://warhammer40k.fandom.com/wiki/V%C3%B4nyk%27s_Hall_of_Hammers
89605,"Warhammer 40,000: Mechanicus","https://warhammer40k.fandom.com/wiki/Warhammer_40,000:_Mechanicus"
89640,Vykât's Kin,https://warhammer40k.fandom.com/wiki/Vyk%C3%A2t%27s_Kin
89641,Vykat's Kin,https://warhammer40k.fandom.com/wiki/Vykat%27s_Kin
89672,Vôk,https://warhammer40k.fandom.com/wiki/V%C3%B4k
89683,"Warhammer 40,000: Darktide","https://warhammer40k.fandom.com/wiki/Warhammer_40,000:_Darktide"
89779,Warp Engine,https://warhammer40k.fandom.com/wiki/Warp_Engine
89820,Warp Storm Töroll,https://warhammer40k.fandom.com/wiki/Warp_Storm_T%C3%B6roll
89823,Warp Storm Öggh,https://warhammer40k.fandom.com/wiki/Warp_Storm_%C3%96ggh
89826,Warp Storm Cyklöp,https://warhammer40k.fandom.com/wiki/Warp_Storm_Cykl%C3%B6p
89829,Warp Storm Gëirokh,https://warhammer40k.fandom.com/wiki/Warp_Storm_G%C3%ABirokh
89832,Warp Storm Örgvayr,https://warhammer40k.fandom.com/wiki/Warp_Storm_%C3%96rgvayr
89841,Warpspace,https://warhammer40k.fandom.com/wiki/Warpspace
89901,Warhammer Fantasy,https://warhammer40k.fandom.com/wiki/Warhammer_Fantasy
90098,War of Flies,https://warhammer40k.fandom.com/wiki/War_of_Flies
90155,Warmaster of the Imperium Nihilus,https://warhammer40k.fandom.com/wiki/Warmaster_of_the_Imperium_Nihilus
90472,Wardens in White,https://warhammer40k.fandom.com/wiki/Wardens_in_White
90662,Watch Company,https://warhammer40k.fandom.com/wiki/Watch_Company
90668,Watch Companies,https://warhammer40k.fandom.com/wiki/Watch_Companies
90669,Watch Lieutenant,https://warhammer40k.fandom.com/wiki/Watch_Lieutenant
90691,War Zone Chalnath,https://warhammer40k.fandom.com/wiki/War_Zone_Chalnath
90712,"Warhammer 40,000: Space Marine","https://warhammer40k.fandom.com/wiki/Warhammer_40,000:_Space_Marine"
90715,"Warhammer 40,000: Boltgun","https://warhammer40k.fandom.com/wiki/Warhammer_40,000:_Boltgun"
90721,WAAAGH! Grimskull,https://warhammer40k.fandom.com/wiki/WAAAGH!_Grimskull
90877,Warp-drive,https://warhammer40k.fandom.com/wiki/Warp-drive
90903,Warp-drives,https://warhammer40k.fandom.com/wiki/Warp-drives
91127,Warp Clock,https://warhammer40k.fandom.com/wiki/Warp_Clock
91652,Warbosses,https://warhammer40k.fandom.com/wiki/Warbosses
91737,"Warhammer 40,000: Rogue Trader","https://warhammer40k.fandom.com/wiki/Warhammer_40,000:_Rogue_Trader"
92038,Walking Pox,https://warhammer40k.fandom.com/wiki/Walking_Pox
92258,WAAAGH! Ghazghkull,https://warhammer40k.fandom.com/wiki/WAAAGH!_Ghazghkull
92752,"Warhammer 40,000: Space Marine II","https://warhammer40k.fandom.com/wiki/Warhammer_40,000:_Space_Marine_II"
92785,War-born,https://warhammer40k.fandom.com/wiki/War-born
93032,Warp storms,https://warhammer40k.fandom.com/wiki/Warp_storms
93046,Warpsurge,https://warhammer40k.fandom.com/wiki/Warpsurge
93047,Warpsurges,https://warhammer40k.fandom.com/wiki/Warpsurges
93081,Warp Spider,https://warhammer40k.fandom.com/wiki/Warp_Spider
93085,Warrior Aspect,https://warhammer40k.fandom.com/wiki/Warrior_Aspect
93239,Warlords,https://warhammer40k.fandom.com/wiki/Warlords
93262,Warpsmiths,https://warhammer40k.fandom.com/wiki/Warpsmiths
93313,Warrior lodges,https://warhammer40k.fandom.com/wiki/Warrior_lodges
93509,"Warhammer 40,000: Dawn of War - Definitive Edition","https://warhammer40k.fandom.com/wiki/Warhammer_40,000:_Dawn_of_War_-_Definitive_Edition"
93600,"Warhammer 40,000: Battlesector","https://warhammer40k.fandom.com/wiki/Warhammer_40,000:_Battlesector"
93650,Warhawk Jump Pack,https://warhammer40k.fandom.com/wiki/Warhawk_Jump_Pack
93737,Warpheadz,https://warhammer40k.fandom.com/wiki/Warpheadz
93791,Warhawk,https://warhammer40k.fandom.com/wiki/Warhawk
93842,Warp gate,https://warhammer40k.fandom.com/wiki/Warp_gate
172,Webway,https://warhammer40k.fandom.com/wiki/Webway
173,White Scars,https://warhammer40k.fandom.com/wiki/White_Scars
174,Word Bearers,https://warhammer40k.fandom.com/wiki/Word_Bearers
175,World Eaters,https://warhammer40k.fandom.com/wiki/World_Eaters
1949,Webber,https://warhammer40k.fandom.com/wiki/Webber
1979,Water Caste,https://warhammer40k.fandom.com/wiki/Water_Caste
2456,White Consuls,https://warhammer40k.fandom.com/wiki/White_Consuls
2577,White Panthers,https://warhammer40k.fandom.com/wiki/White_Panthers
2587,XV25 Stealthsuit,https://warhammer40k.fandom.com/wiki/XV25_Stealthsuit
2596,Wraithlord,https://warhammer40k.fandom.com/wiki/Wraithlord
2600,Wraithguard,https://warhammer40k.fandom.com/wiki/Wraithguard
2775,Whirlwind,https://warhammer40k.fandom.com/wiki/Whirlwind
2936,White Dwarf,https://warhammer40k.fandom.com/wiki/White_Dwarf
2937,White Dwarf Magazine,https://warhammer40k.fandom.com/wiki/White_Dwarf_Magazine
3370,Witchblade,https://warhammer40k.fandom.com/wiki/Witchblade
3371,Wraithsword,https://warhammer40k.fandom.com/wiki/Wraithsword
3378,Weapons of the Imperium,https://warhammer40k.fandom.com/wiki/Weapons_of_the_Imperium
3409,Wraithbone,https://warhammer40k.fandom.com/wiki/Wraithbone
3415,"Weapons of the Imperium (Warhammer 40,000)","https://warhammer40k.fandom.com/wiki/Weapons_of_the_Imperium_(Warhammer_40,000)"
3419,Wave Serpent,https://warhammer40k.fandom.com/wiki/Wave_Serpent
3555,XV15 Stealthsuit,https://warhammer40k.fandom.com/wiki/XV15_Stealthsuit
3816,White Minotaurs,https://warhammer40k.fandom.com/wiki/White_Minotaurs
4446,White Templars,https://warhammer40k.fandom.com/wiki/White_Templars
4583,Watchers in the Dark,https://warhammer40k.fandom.com/wiki/Watchers_in_the_Dark
5019,World Eater,https://warhammer40k.fandom.com/wiki/World_Eater
5174,Wraithcannon,https://warhammer40k.fandom.com/wiki/Wraithcannon
5447,Woe,https://warhammer40k.fandom.com/wiki/Woe
5725,White Dwarf (magazine),https://warhammer40k.fandom.com/wiki/White_Dwarf_(magazine)
5942,Weirdboy,https://warhammer40k.fandom.com/wiki/Weirdboy
9096,Wraithsight,https://warhammer40k.fandom.com/wiki/Wraithsight
9506,Weapons battery,https://warhammer40k.fandom.com/wiki/Weapons_battery
9561,Weapons batteries,https://warhammer40k.fandom.com/wiki/Weapons_batteries
9826,Wolf Brothers,https://warhammer40k.fandom.com/wiki/Wolf_Brothers
10259,Winter Assault,https://warhammer40k.fandom.com/wiki/Winter_Assault
11225,Waystone,https://warhammer40k.fandom.com/wiki/Waystone
11590,Wych Cults,https://warhammer40k.fandom.com/wiki/Wych_Cults
11598,Wyches,https://warhammer40k.fandom.com/wiki/Wyches
11600,Wych,https://warhammer40k.fandom.com/wiki/Wych
11621,Wych Cult,https://warhammer40k.fandom.com/wiki/Wych_Cult
12416,Wazdakka Gutsmek,https://warhammer40k.fandom.com/wiki/Wazdakka_Gutsmek
13146,XV25 Stealthsuits,https://warhammer40k.fandom.com/wiki/XV25_Stealthsuits
13147,XV15 Stealthsuits,https://warhammer40k.fandom.com/wiki/XV15_Stealthsuits
13851,Wraith,https://warhammer40k.fandom.com/wiki/Wraith
15866,Website directory,https://warhammer40k.fandom.com/wiki/Website_directory
15867,Website Directory,https://warhammer40k.fandom.com/wiki/Website_Directory
16734,Widowmakers,https://warhammer40k.fandom.com/wiki/Widowmakers
19807,Wolf Priest,https://warhammer40k.fandom.com/wiki/Wolf_Priest
19825,Wolf Priests,https://warhammer40k.fandom.com/wiki/Wolf_Priests
19834,Wolf Lord,https://warhammer40k.fandom.com/wiki/Wolf_Lord
19840,Wolf Lords,https://warhammer40k.fandom.com/wiki/Wolf_Lords
19901,Wolf Guard,https://warhammer40k.fandom.com/wiki/Wolf_Guard
19941,Wolf Scouts,https://warhammer40k.fandom.com/wiki/Wolf_Scouts
19972,Wolfblade,https://warhammer40k.fandom.com/wiki/Wolfblade
19977,Wolfblades,https://warhammer40k.fandom.com/wiki/Wolfblades
19982,Wulfen,https://warhammer40k.fandom.com/wiki/Wulfen
21255,Whiteshields,https://warhammer40k.fandom.com/wiki/Whiteshields
21270,Whiteshield,https://warhammer40k.fandom.com/wiki/Whiteshield
23864,Witchhunter,https://warhammer40k.fandom.com/wiki/Witchhunter
23865,Witchhunters,https://warhammer40k.fandom.com/wiki/Witchhunters
23866,Witch Hunter,https://warhammer40k.fandom.com/wiki/Witch_Hunter
26799,XV22 Stealthsuit,https://warhammer40k.fandom.com/wiki/XV22_Stealthsuit
27624,Witch Hunters,https://warhammer40k.fandom.com/wiki/Witch_Hunters
27780,Watcher in the Dark,https://warhammer40k.fandom.com/wiki/Watcher_in_the_Dark
28308,Wraiths,https://warhammer40k.fandom.com/wiki/Wraiths
29586,Wirewolf,https://warhammer40k.fandom.com/wiki/Wirewolf
29828,XV46 Vanguard Void Battlesuit,https://warhammer40k.fandom.com/wiki/XV46_Vanguard_Void_Battlesuit
31117,XV46-4 Vanguard Commander Variant Void Battlesuit,https://warhammer40k.fandom.com/wiki/XV46-4_Vanguard_Commander_Variant_Void_Battlesuit
32843,Wraithspear,https://warhammer40k.fandom.com/wiki/Wraithspear
34252,XV104 Riptide Battlesuit,https://warhammer40k.fandom.com/wiki/XV104_Riptide_Battlesuit
34465,XV02 Pilot Battlesuit,https://warhammer40k.fandom.com/wiki/XV02_Pilot_Battlesuit
34484,Weapon Specialist,https://warhammer40k.fandom.com/wiki/Weapon_Specialist
40397,Wolves of Horus,https://warhammer40k.fandom.com/wiki/Wolves_of_Horus
41100,Whirlwind Helios,https://warhammer40k.fandom.com/wiki/Whirlwind_Helios
41411,Whirlwind Hyperios,https://warhammer40k.fandom.com/wiki/Whirlwind_Hyperios
41431,Whirlwind Hunter,https://warhammer40k.fandom.com/wiki/Whirlwind_Hunter
41433,Whirlwind Stalker,https://warhammer40k.fandom.com/wiki/Whirlwind_Stalker
42814,XI Legion,https://warhammer40k.fandom.com/wiki/XI_Legion
42815,XII Legion,https://warhammer40k.fandom.com/wiki/XII_Legion
42816,XIII Legion,https://warhammer40k.fandom.com/wiki/XIII_Legion
42817,XIV Legion,https://warhammer40k.fandom.com/wiki/XIV_Legion
42822,XIX Legion,https://warhammer40k.fandom.com/wiki/XIX_Legion
43032,XV107 R'varna Battlesuit,https://warhammer40k.fandom.com/wiki/XV107_R%27varna_Battlesuit
43148,Whirlwind Multiple Missile Launcher,https://warhammer40k.fandom.com/wiki/Whirlwind_Multiple_Missile_Launcher
43151,Whirlwind Missile Launcher,https://warhammer40k.fandom.com/wiki/Whirlwind_Missile_Launcher
51129,World Engine,https://warhammer40k.fandom.com/wiki/World_Engine
53830,Wildboyz,https://warhammer40k.fandom.com/wiki/Wildboyz
54654,Weirdboyz,https://warhammer40k.fandom.com/wiki/Weirdboyz
56081,Wyvern,https://warhammer40k.fandom.com/wiki/Wyvern
57643,XV109 Y'vahra Battlesuit,https://warhammer40k.fandom.com/wiki/XV109_Y%27vahra_Battlesuit
60272,Worldbreaker,https://warhammer40k.fandom.com/wiki/Worldbreaker
71343,Wrath,https://warhammer40k.fandom.com/wiki/Wrath
71438,Wing,https://warhammer40k.fandom.com/wiki/Wing
71492,"Wrath, The","https://warhammer40k.fandom.com/wiki/Wrath,_The"
71961,Wolf King,https://warhammer40k.fandom.com/wiki/Wolf_King
72433,Wraithknight,https://warhammer40k.fandom.com/wiki/Wraithknight
72523,Wolf Mother (Short Story),https://warhammer40k.fandom.com/wiki/Wolf_Mother_(Short_Story)
72718,Wychs,https://warhammer40k.fandom.com/wiki/Wychs
72931,Watch Master,https://warhammer40k.fandom.com/wiki/Watch_Master
73486,Wrathful Dead,https://warhammer40k.fandom.com/wiki/Wrathful_Dead
74234,Wolf Hunt (Audio Drama),https://warhammer40k.fandom.com/wiki/Wolf_Hunt_(Audio_Drama)
74308,Watch Pack,https://warhammer40k.fandom.com/wiki/Watch_Pack
74325,Whispercutter,https://warhammer40k.fandom.com/wiki/Whispercutter
74764,World Spirit,https://warhammer40k.fandom.com/wiki/World_Spirit
74765,Witch,https://warhammer40k.fandom.com/wiki/Witch
74766,Witches,https://warhammer40k.fandom.com/wiki/Witches
75137,Witch Finder,https://warhammer40k.fandom.com/wiki/Witch_Finder
75705,Wilderness Space,https://warhammer40k.fandom.com/wiki/Wilderness_Space
75747,Watchguards,https://warhammer40k.fandom.com/wiki/Watchguards
75853,Wolfspear,https://warhammer40k.fandom.com/wiki/Wolfspear
77345,Weeping Legion,https://warhammer40k.fandom.com/wiki/Weeping_Legion
77998,Wyrdvane Psyker,https://warhammer40k.fandom.com/wiki/Wyrdvane_Psyker
78150,Wolf's Claw (Audio Drama),https://warhammer40k.fandom.com/wiki/Wolf%27s_Claw_(Audio_Drama)
78372,Wolf at the Door (Anthology Short Story),https://warhammer40k.fandom.com/wiki/Wolf_at_the_Door_(Anthology_Short_Story)
78468,Weregeld (Novella),https://warhammer40k.fandom.com/wiki/Weregeld_(Novella)
78535,Watchers in Death (Novel),https://warhammer40k.fandom.com/wiki/Watchers_in_Death_(Novel)
78854,Wrath of Khorne Bloodthirster,https://warhammer40k.fandom.com/wiki/Wrath_of_Khorne_Bloodthirster
79054,Witstealer Sword,https://warhammer40k.fandom.com/wiki/Witstealer_Sword
79135,Wolfsbane (Novel),https://warhammer40k.fandom.com/wiki/Wolfsbane_(Novel)
81462,Weeping Veil,https://warhammer40k.fandom.com/wiki/Weeping_Veil
81548,Wrack,https://warhammer40k.fandom.com/wiki/Wrack
82434,Wyrms of the Ur-tendril,https://warhammer40k.fandom.com/wiki/Wyrms_of_the_Ur-tendril
82605,Wolfquad,https://warhammer40k.fandom.com/wiki/Wolfquad
83122,Wheels of Excruciation,https://warhammer40k.fandom.com/wiki/Wheels_of_Excruciation
83163,Wulfen Dreadnought,https://warhammer40k.fandom.com/wiki/Wulfen_Dreadnought
84574,Windreth Vines,https://warhammer40k.fandom.com/wiki/Windreth_Vines
84619,Watch Station Tryphon,https://warhammer40k.fandom.com/wiki/Watch_Station_Tryphon
84641,What Lies Beneath,https://warhammer40k.fandom.com/wiki/What_Lies_Beneath
84691,Well of Night,https://warhammer40k.fandom.com/wiki/Well_of_Night
84722,Watch Station Skapula,https://warhammer40k.fandom.com/wiki/Watch_Station_Skapula
84832,Watch fortress,https://warhammer40k.fandom.com/wiki/Watch_fortress
84836,Watch station,https://warhammer40k.fandom.com/wiki/Watch_station
84837,Watch Station,https://warhammer40k.fandom.com/wiki/Watch_Station
84858,Wrath (Planet),https://warhammer40k.fandom.com/wiki/Wrath_(Planet)
84874,Watch Station Andronicus,https://warhammer40k.fandom.com/wiki/Watch_Station_Andronicus
84877,Wicked Sisters,https://warhammer40k.fandom.com/wiki/Wicked_Sisters
84878,Watch Station Iobel,https://warhammer40k.fandom.com/wiki/Watch_Station_Iobel
84911,Watch Station Arkhas,https://warhammer40k.fandom.com/wiki/Watch_Station_Arkhas
84915,Watch Station Phaedas,https://warhammer40k.fandom.com/wiki/Watch_Station_Phaedas
84936,Watch Station Midael,https://warhammer40k.fandom.com/wiki/Watch_Station_Midael
85037,Watch Station Oertha,https://warhammer40k.fandom.com/wiki/Watch_Station_Oertha
85305,Watch Station CX3119,https://warhammer40k.fandom.com/wiki/Watch_Station_CX3119
85401,Watch Station Cressid,https://warhammer40k.fandom.com/wiki/Watch_Station_Cressid
86529,Watch master,https://warhammer40k.fandom.com/wiki/Watch_master
86530,Watch commander,https://warhammer40k.fandom.com/wiki/Watch_commander
86580,Watch captain,https://warhammer40k.fandom.com/wiki/Watch_captain
86757,World Shrine,https://warhammer40k.fandom.com/wiki/World_Shrine
87617,Wraithblade,https://warhammer40k.fandom.com/wiki/Wraithblade
87638,Webway Shunt Generator,https://warhammer40k.fandom.com/wiki/Webway_Shunt_Generator
87978,White Sentinels,https://warhammer40k.fandom.com/wiki/White_Sentinels
87994,Wolf King (Title),https://warhammer40k.fandom.com/wiki/Wolf_King_(Title)
88122,XV8-02 Crisis Iridium Battlesuit,https://warhammer40k.fandom.com/wiki/XV8-02_Crisis_Iridium_Battlesuit
88127,Witch-sight,https://warhammer40k.fandom.com/wiki/Witch-sight
88128,Witchsight,https://warhammer40k.fandom.com/wiki/Witchsight
88129,Witch-Sight,https://warhammer40k.fandom.com/wiki/Witch-Sight
88438,Wolf-class Titan,https://warhammer40k.fandom.com/wiki/Wolf-class_Titan
88492,Will of Eternity,https://warhammer40k.fandom.com/wiki/Will_of_Eternity
88507,Wolf Claw,https://warhammer40k.fandom.com/wiki/Wolf_Claw
88561,Wolf Scout,https://warhammer40k.fandom.com/wiki/Wolf_Scout
88742,William King,https://warhammer40k.fandom.com/wiki/William_King
89075,Where Dere's Da Warp Dere's A Way (Short Story),https://warhammer40k.fandom.com/wiki/Where_Dere%27s_Da_Warp_Dere%27s_A_Way_(Short_Story)
89225,Wolfblade (Novel),https://warhammer40k.fandom.com/wiki/Wolfblade_(Novel)
89226,Wolf's Honour (Novel),https://warhammer40k.fandom.com/wiki/Wolf%27s_Honour_(Novel)
89307,Words of Blood (Anthology),https://warhammer40k.fandom.com/wiki/Words_of_Blood_(Anthology)
89777,Wayfinder,https://warhammer40k.fandom.com/wiki/Wayfinder
89778,Wayfinders,https://warhammer40k.fandom.com/wiki/Wayfinders
89933,Wrathsingers,https://warhammer40k.fandom.com/wiki/Wrathsingers
90203,Word Bearer,https://warhammer40k.fandom.com/wiki/Word_Bearer
90348,Weavefield Projector,https://warhammer40k.fandom.com/wiki/Weavefield_Projector
90349,Weavewërke,https://warhammer40k.fandom.com/wiki/Weavew%C3%ABrke
90497,Weavefield Crest,https://warhammer40k.fandom.com/wiki/Weavefield_Crest
90695,World,https://warhammer40k.fandom.com/wiki/World
90696,Worlds,https://warhammer40k.fandom.com/wiki/Worlds
90736,Watch lieutenant,https://warhammer40k.fandom.com/wiki/Watch_lieutenant
90748,Watch Sergeant,https://warhammer40k.fandom.com/wiki/Watch_Sergeant
90749,Watch sergeant,https://warhammer40k.fandom.com/wiki/Watch_sergeant
90750,Watch sergeants,https://warhammer40k.fandom.com/wiki/Watch_sergeants
90751,Watch Sergeants,https://warhammer40k.fandom.com/wiki/Watch_Sergeants
90837,Wurgen,https://warhammer40k.fandom.com/wiki/Wurgen
90919,Watcher Keep,https://warhammer40k.fandom.com/wiki/Watcher_Keep
91286,Winterscale's Realm,https://warhammer40k.fandom.com/wiki/Winterscale%27s_Realm
91455,Witchseeker,https://warhammer40k.fandom.com/wiki/Witchseeker
91457,Witchseeker Cadre,https://warhammer40k.fandom.com/wiki/Witchseeker_Cadre
91458,Witchseeker cadre,https://warhammer40k.fandom.com/wiki/Witchseeker_cadre
91717,Whisper of Anaris,https://warhammer40k.fandom.com/wiki/Whisper_of_Anaris
91941,Witherlands,https://warhammer40k.fandom.com/wiki/Witherlands
91992,Whaleship,https://warhammer40k.fandom.com/wiki/Whaleship
92019,Wheeled Chimera,https://warhammer40k.fandom.com/wiki/Wheeled_Chimera
92122,Wyrmwood,https://warhammer40k.fandom.com/wiki/Wyrmwood
92233,Water Cartel,https://warhammer40k.fandom.com/wiki/Water_Cartel
92335,Wilderness,https://warhammer40k.fandom.com/wiki/Wilderness
92819,Webway Project,https://warhammer40k.fandom.com/wiki/Webway_Project
92975,Wroughtlock Revolvers,https://warhammer40k.fandom.com/wiki/Wroughtlock_Revolvers
92980,Weaverwërke Cloak,https://warhammer40k.fandom.com/wiki/Weaverw%C3%ABrke_Cloak
92987,Weaverwerke Cloak,https://warhammer40k.fandom.com/wiki/Weaverwerke_Cloak
93893,Worshippers of the Purified Dead,https://warhammer40k.fandom.com/wiki/Worshippers_of_the_Purified_Dead
93946,Webway Gate,https://warhammer40k.fandom.com/wiki/Webway_Gate
93947,Webway Nexus,https://warhammer40k.fandom.com/wiki/Webway_Nexus
93948,Waygate,https://warhammer40k.fandom.com/wiki/Waygate
93959,Wolf High Priest,https://warhammer40k.fandom.com/wiki/Wolf_High_Priest
94000,White Scar,https://warhammer40k.fandom.com/wiki/White_Scar
2432,Zombies,https://warhammer40k.fandom.com/wiki/Zombies
2546,XV8 Crisis Battlesuit,https://warhammer40k.fandom.com/wiki/XV8_Crisis_Battlesuit
2603,XV88 Broadside Battlesuit,https://warhammer40k.fandom.com/wiki/XV88_Broadside_Battlesuit
2614,Zoanthrope,https://warhammer40k.fandom.com/wiki/Zoanthrope
2943,Xiao,https://warhammer40k.fandom.com/wiki/Xiao
5128,Zoat,https://warhammer40k.fandom.com/wiki/Zoat
5517,Zagstruk,https://warhammer40k.fandom.com/wiki/Zagstruk
6044,Xenos,https://warhammer40k.fandom.com/wiki/Xenos
6684,Zephro Carnelian,https://warhammer40k.fandom.com/wiki/Zephro_Carnelian
6818,XV9 Hazard Battlesuit,https://warhammer40k.fandom.com/wiki/XV9_Hazard_Battlesuit
7284,Ynnead,https://warhammer40k.fandom.com/wiki/Ynnead
7329,Zombie Plague,https://warhammer40k.fandom.com/wiki/Zombie_Plague
7334,Zso Sahaal,https://warhammer40k.fandom.com/wiki/Zso_Sahaal
7560,Zhufor,https://warhammer40k.fandom.com/wiki/Zhufor
7639,Ymgarl Genestealers,https://warhammer40k.fandom.com/wiki/Ymgarl_Genestealers
8436,Zeist Campaign,https://warhammer40k.fandom.com/wiki/Zeist_Campaign
8853,Yarrick,https://warhammer40k.fandom.com/wiki/Yarrick
8854,Yriel,https://warhammer40k.fandom.com/wiki/Yriel
9181,Xavier Mendoza,https://warhammer40k.fandom.com/wiki/Xavier_Mendoza
12240,Ymgarl Genestealer,https://warhammer40k.fandom.com/wiki/Ymgarl_Genestealer
12409,Zodgrod Wortsnagga,https://warhammer40k.fandom.com/wiki/Zodgrod_Wortsnagga
13144,XV9 Hazard Close Support Armour,https://warhammer40k.fandom.com/wiki/XV9_Hazard_Close_Support_Armour
15927,Zarakynel,https://warhammer40k.fandom.com/wiki/Zarakynel
17643,Xavier,https://warhammer40k.fandom.com/wiki/Xavier
18121,Zhrukal Androcles,https://warhammer40k.fandom.com/wiki/Zhrukal_Androcles
20229,Zael Efferneti,https://warhammer40k.fandom.com/wiki/Zael_Efferneti
23498,Yason Annellus,https://warhammer40k.fandom.com/wiki/Yason_Annellus
24288,Zombie,https://warhammer40k.fandom.com/wiki/Zombie
25737,Xenos World,https://warhammer40k.fandom.com/wiki/Xenos_World
31114,XV81 Crisis Battlesuit,https://warhammer40k.fandom.com/wiki/XV81_Crisis_Battlesuit
31115,XV84 Crisis Battlesuit,https://warhammer40k.fandom.com/wiki/XV84_Crisis_Battlesuit
31116,XV89 Crisis Battlesuit,https://warhammer40k.fandom.com/wiki/XV89_Crisis_Battlesuit
34329,XV8-02 Iridium Crisis Battlesuit,https://warhammer40k.fandom.com/wiki/XV8-02_Iridium_Crisis_Battlesuit
34330,XV8-05 Enforcer Crisis Battlesuit,https://warhammer40k.fandom.com/wiki/XV8-05_Enforcer_Crisis_Battlesuit
34331,XV8-06 Coldstar Crisis Battlesuit,https://warhammer40k.fandom.com/wiki/XV8-06_Coldstar_Crisis_Battlesuit
36964,Zahndrekh,https://warhammer40k.fandom.com/wiki/Zahndrekh
37112,Yuctan Incident,https://warhammer40k.fandom.com/wiki/Yuctan_Incident
37978,Xi-Nu 73,https://warhammer40k.fandom.com/wiki/Xi-Nu_73
38176,Ygethmor the Deceiver,https://warhammer40k.fandom.com/wiki/Ygethmor_the_Deceiver
38183,Ygethmor,https://warhammer40k.fandom.com/wiki/Ygethmor
42813,X Legion,https://warhammer40k.fandom.com/wiki/X_Legion
42818,XV Legion,https://warhammer40k.fandom.com/wiki/XV_Legion
42819,XVI Legion,https://warhammer40k.fandom.com/wiki/XVI_Legion
42820,XVII Legion,https://warhammer40k.fandom.com/wiki/XVII_Legion
42821,XVIII Legion,https://warhammer40k.fandom.com/wiki/XVIII_Legion
42823,XX Legion,https://warhammer40k.fandom.com/wiki/XX_Legion
57551,Y'vahra,https://warhammer40k.fandom.com/wiki/Y%27vahra
57552,Y'vahra Battlesuit,https://warhammer40k.fandom.com/wiki/Y%27vahra_Battlesuit
57839,Yu'Vath,https://warhammer40k.fandom.com/wiki/Yu%27Vath
59699,Zarathusa,https://warhammer40k.fandom.com/wiki/Zarathusa
61205,Zephyrglaive,https://warhammer40k.fandom.com/wiki/Zephyrglaive
62041,Yme-Loc,https://warhammer40k.fandom.com/wiki/Yme-Loc
64198,Yelav Draykavac,https://warhammer40k.fandom.com/wiki/Yelav_Draykavac
64991,Zardu Layak,https://warhammer40k.fandom.com/wiki/Zardu_Layak
65245,Xanthite,https://warhammer40k.fandom.com/wiki/Xanthite
65390,Xanthites,https://warhammer40k.fandom.com/wiki/Xanthites
66133,Yu'vath,https://warhammer40k.fandom.com/wiki/Yu%27vath
66164,Zachariah Kersh,https://warhammer40k.fandom.com/wiki/Zachariah_Kersh
66191,Zahariel,https://warhammer40k.fandom.com/wiki/Zahariel
66194,Zahariel El'Zurias,https://warhammer40k.fandom.com/wiki/Zahariel_El%27Zurias
66753,Zone Mortalis,https://warhammer40k.fandom.com/wiki/Zone_Mortalis
67108,XV95 Ghostkeel Battlesuit,https://warhammer40k.fandom.com/wiki/XV95_Ghostkeel_Battlesuit
67925,XV85 Enforcer Battlesuit,https://warhammer40k.fandom.com/wiki/XV85_Enforcer_Battlesuit
67926,XV86 Coldstar Battlesuit,https://warhammer40k.fandom.com/wiki/XV86_Coldstar_Battlesuit
68835,Xiaphas Jurr,https://warhammer40k.fandom.com/wiki/Xiaphas_Jurr
69262,Xana II,https://warhammer40k.fandom.com/wiki/Xana_II
69271,Xana Incursion,https://warhammer40k.fandom.com/wiki/Xana_Incursion
71499,Xarl,https://warhammer40k.fandom.com/wiki/Xarl
72320,Xanthism,https://warhammer40k.fandom.com/wiki/Xanthism
73621,XV95 Ghostkeel,https://warhammer40k.fandom.com/wiki/XV95_Ghostkeel
73835,Xenographer,https://warhammer40k.fandom.com/wiki/Xenographer
73961,Xiphon Pattern Interceptor,https://warhammer40k.fandom.com/wiki/Xiphon_Pattern_Interceptor
73964,Xiphon Rotary Missile Launcher,https://warhammer40k.fandom.com/wiki/Xiphon_Rotary_Missile_Launcher
75081,Æonic Orb,https://warhammer40k.fandom.com/wiki/%C3%86onic_Orb
75632,Xenos Hybris,https://warhammer40k.fandom.com/wiki/Xenos_Hybris
75749,Zenonian Free Companies,https://warhammer40k.fandom.com/wiki/Zenonian_Free_Companies
76268,ZFR Horizon Accelerator Engine,https://warhammer40k.fandom.com/wiki/ZFR_Horizon_Accelerator_Engine
76270,ZFR Drive,https://warhammer40k.fandom.com/wiki/ZFR_Drive
77074,Zhao-Arkhad,https://warhammer40k.fandom.com/wiki/Zhao-Arkhad
77077,Zhao-Akkad,https://warhammer40k.fandom.com/wiki/Zhao-Akkad
77078,Zhao-Arkkad,https://warhammer40k.fandom.com/wiki/Zhao-Arkkad
77611,Xiphon Interceptor,https://warhammer40k.fandom.com/wiki/Xiphon_Interceptor
79498,Æther Ray,https://warhammer40k.fandom.com/wiki/%C3%86ther_Ray
79823,Yraqnae,https://warhammer40k.fandom.com/wiki/Yraqnae
79952,You Never Know (Anthology Short Story),https://warhammer40k.fandom.com/wiki/You_Never_Know_(Anthology_Short_Story)
80536,Yellow Jackets,https://warhammer40k.fandom.com/wiki/Yellow_Jackets
80945,Yngir,https://warhammer40k.fandom.com/wiki/Yngir
81601,Ynesth,https://warhammer40k.fandom.com/wiki/Ynesth
81646,Ymga Monolith,https://warhammer40k.fandom.com/wiki/Ymga_Monolith
82437,Ziaphoria,https://warhammer40k.fandom.com/wiki/Ziaphoria
82782,Xiphon,https://warhammer40k.fandom.com/wiki/Xiphon
82920,Zagthean,https://warhammer40k.fandom.com/wiki/Zagthean
82921,Zagthean the Broken,https://warhammer40k.fandom.com/wiki/Zagthean_the_Broken
83954,Zarhulash,https://warhammer40k.fandom.com/wiki/Zarhulash
83955,Zarhulash the Potentate,https://warhammer40k.fandom.com/wiki/Zarhulash_the_Potentate
84108,Ynnari,https://warhammer40k.fandom.com/wiki/Ynnari
84179,Yasan Sector,https://warhammer40k.fandom.com/wiki/Yasan_Sector
84570,Yanth,https://warhammer40k.fandom.com/wiki/Yanth
84632,Zurcon,https://warhammer40k.fandom.com/wiki/Zurcon
84678,Xyan,https://warhammer40k.fandom.com/wiki/Xyan
84718,Zanatov's Harbour,https://warhammer40k.fandom.com/wiki/Zanatov%27s_Harbour
84730,Yharas Kine,https://warhammer40k.fandom.com/wiki/Yharas_Kine
84796,Zadkiel,https://warhammer40k.fandom.com/wiki/Zadkiel
85074,Xerill,https://warhammer40k.fandom.com/wiki/Xerill
85706,Zayr,https://warhammer40k.fandom.com/wiki/Zayr
89170,Xana-Tisiphone,https://warhammer40k.fandom.com/wiki/Xana-Tisiphone
89235,Zar-Quaesitor,https://warhammer40k.fandom.com/wiki/Zar-Quaesitor
89359,Xenarites,https://warhammer40k.fandom.com/wiki/Xenarites
89360,Xenarite,https://warhammer40k.fandom.com/wiki/Xenarite
89594,Ûrvymm's Bulwark,https://warhammer40k.fandom.com/wiki/%C3%9Brvymm%27s_Bulwark
89604,Ymus-Solaryn,https://warhammer40k.fandom.com/wiki/Ymus-Solaryn
89644,Yênna's Kindred,https://warhammer40k.fandom.com/wiki/Y%C3%AAnna%27s_Kindred
89645,Yenna's Kindred,https://warhammer40k.fandom.com/wiki/Yenna%27s_Kindred
89646,Yôht's Black Pillars Kindred,https://warhammer40k.fandom.com/wiki/Y%C3%B4ht%27s_Black_Pillars_Kindred
89647,Yoht's Black Pillars Kindred,https://warhammer40k.fandom.com/wiki/Yoht%27s_Black_Pillars_Kindred
89667,Yngvâry Combined Logistics,https://warhammer40k.fandom.com/wiki/Yngv%C3%A2ry_Combined_Logistics
89668,Yngvary Combined Logistics,https://warhammer40k.fandom.com/wiki/Yngvary_Combined_Logistics
89709,Ymyr Conglomerate,https://warhammer40k.fandom.com/wiki/Ymyr_Conglomerate
89747,Yôht Grendok,https://warhammer40k.fandom.com/wiki/Y%C3%B4ht_Grendok
89748,Yoht Grendok,https://warhammer40k.fandom.com/wiki/Yoht_Grendok
89824,Öggh,https://warhammer40k.fandom.com/wiki/%C3%96ggh
89833,Örgvayr,https://warhammer40k.fandom.com/wiki/%C3%96rgvayr
89934,Yndonesic Bloc,https://warhammer40k.fandom.com/wiki/Yndonesic_Bloc
89964,Ûthar the Destined,https://warhammer40k.fandom.com/wiki/%C3%9Bthar_the_Destined
89965,Ûthar,https://warhammer40k.fandom.com/wiki/%C3%9Bthar
90703,Yamnin Volunteers,https://warhammer40k.fandom.com/wiki/Yamnin_Volunteers
90710,Zula Hatiar,https://warhammer40k.fandom.com/wiki/Zula_Hatiar
90763,Xenophase Blade,https://warhammer40k.fandom.com/wiki/Xenophase_Blade
90921,Zarabek,https://warhammer40k.fandom.com/wiki/Zarabek
90923,Xenarch,https://warhammer40k.fandom.com/wiki/Xenarch
90924,Xenarch death-arc,https://warhammer40k.fandom.com/wiki/Xenarch_death-arc
90987,Xenos Vessel,https://warhammer40k.fandom.com/wiki/Xenos_Vessel
91013,Xenobiologist,https://warhammer40k.fandom.com/wiki/Xenobiologist
91048,Zephon,https://warhammer40k.fandom.com/wiki/Zephon
91339,Zayth,https://warhammer40k.fandom.com/wiki/Zayth
91501,Zenith Gunship,https://warhammer40k.fandom.com/wiki/Zenith_Gunship
91502,Zenith,https://warhammer40k.fandom.com/wiki/Zenith
91647,Zealot's Vindictor,https://warhammer40k.fandom.com/wiki/Zealot%27s_Vindictor
91794,Yrliet Lanaevyss,https://warhammer40k.fandom.com/wiki/Yrliet_Lanaevyss
91896,Xavier Calcazar,https://warhammer40k.fandom.com/wiki/Xavier_Calcazar
91942,Zealot,https://warhammer40k.fandom.com/wiki/Zealot
91943,Zealots,https://warhammer40k.fandom.com/wiki/Zealots
92089,Xenographers,https://warhammer40k.fandom.com/wiki/Xenographers
92441,Xenophile,https://warhammer40k.fandom.com/wiki/Xenophile
93639,Zadkiel (Word Bearers),https://warhammer40k.fandom.com/wiki/Zadkiel_(Word_Bearers)
